{"fit_seconds": 105.061049, "predict_seconds": 0.033341}