{"fit_seconds": 207.671203, "predict_seconds": 0.024003}