{"fit_seconds": 206.464827, "predict_seconds": 0.020016}