{"fit_seconds": 210.724244, "predict_seconds": 0.022309}