{"fit_seconds": 224.65784, "predict_seconds": 0.020391}