{"fit_seconds": 227.913522, "predict_seconds": 0.021519}