{"fit_seconds": 213.878896, "predict_seconds": 0.020005}