{"fit_seconds": 197.131983, "predict_seconds": 0.02001}