{"fit_seconds": 191.560092, "predict_seconds": 0.021998}