{"fit_seconds": 223.186878, "predict_seconds": 0.02401}