{"fit_seconds": 229.468011, "predict_seconds": 0.018769}