{"fit_seconds": 232.222059, "predict_seconds": 0.021004}