{"fit_seconds": 5.489913, "predict_seconds": 0.019916}