{"fit_seconds": 227.519891, "predict_seconds": 0.019887}