{"fit_seconds": 202.828895, "predict_seconds": 0.021006}