{"fit_seconds": 191.085651, "predict_seconds": 0.020009}