{"fit_seconds": 226.322897, "predict_seconds": 0.02071}