{"fit_seconds": 231.695699, "predict_seconds": 0.021004}