{"fit_seconds": 200.041931, "predict_seconds": 0.019009}