{"fit_seconds": 125.780954, "predict_seconds": 0.020997}