{"fit_seconds": 215.191276, "predict_seconds": 0.020591}