{"fit_seconds": 220.497156, "predict_seconds": 0.020014}