{"fit_seconds": 228.427952, "predict_seconds": 0.021008}