{"fit_seconds": 257.305452, "predict_seconds": 0.022832}