{"fit_seconds": 35.706517, "predict_seconds": 0.019429}