{"fit_seconds": 19.321393, "predict_seconds": 0.020015}