{"fit_seconds": 11.459723, "predict_seconds": 0.018544}