{"fit_seconds": 34.465571, "predict_seconds": 0.019268}