{"fit_seconds": 39.895062, "predict_seconds": 0.018944}