{"fit_seconds": 16.594454, "predict_seconds": 0.018002}