{"fit_seconds": 18.192527, "predict_seconds": 0.022268}