{"fit_seconds": 209.366388, "predict_seconds": 0.02001}