{"fit_seconds": 7.374683, "predict_seconds": 0.019998}