{"fit_seconds": 8.601131, "predict_seconds": 0.020004}