{"fit_seconds": 257.144748, "predict_seconds": 0.02002}