{"fit_seconds": 237.058662, "predict_seconds": 0.019466}