{"fit_seconds": 13.410692, "predict_seconds": 0.018701}