{"fit_seconds": 246.670545, "predict_seconds": 0.021002}