{"fit_seconds": 117.752643, "predict_seconds": 0.022018}