{"fit_seconds": 11.021124, "predict_seconds": 0.021312}