{"fit_seconds": 209.434692, "predict_seconds": 0.020012}