{"fit_seconds": 9.953767, "predict_seconds": 0.018999}