{"fit_seconds": 222.48644, "predict_seconds": 0.021769}