{"fit_seconds": 198.791815, "predict_seconds": 0.025006}