{"fit_seconds": 202.085152, "predict_seconds": 0.02035}