{"fit_seconds": 207.146288, "predict_seconds": 0.025011}