{"fit_seconds": 234.904637, "predict_seconds": 0.01988}