{"fit_seconds": 190.316929, "predict_seconds": 0.020013}