{"fit_seconds": 145.868804, "predict_seconds": 0.020003}