{"fit_seconds": 197.461015, "predict_seconds": 0.020518}