{"fit_seconds": 191.35071, "predict_seconds": 0.020004}