{"fit_seconds": 226.133482, "predict_seconds": 0.022362}