{"fit_seconds": 183.22192, "predict_seconds": 0.021003}