{"fit_seconds": 240.752566, "predict_seconds": 0.019979}