{"fit_seconds": 171.387211, "predict_seconds": 0.026004}