{"fit_seconds": 185.316749, "predict_seconds": 0.020011}