{"fit_seconds": 195.199615, "predict_seconds": 0.018251}