{"fit_seconds": 55.190524, "predict_seconds": 0.020017}