{"fit_seconds": 222.706991, "predict_seconds": 0.022004}