{"fit_seconds": 49.290903, "predict_seconds": 0.019467}