{"fit_seconds": 225.555791, "predict_seconds": 0.022058}