{"fit_seconds": 44.579816, "predict_seconds": 0.020017}