{"fit_seconds": 207.001702, "predict_seconds": 0.01901}