{"fit_seconds": 210.700763, "predict_seconds": 0.022006}