{"fit_seconds": 197.569063, "predict_seconds": 0.020011}