{"fit_seconds": 220.048899, "predict_seconds": 0.02101}