{"fit_seconds": 210.857003, "predict_seconds": 0.020002}