{"fit_seconds": 230.779922, "predict_seconds": 0.017933}