{"fit_seconds": 239.672791, "predict_seconds": 0.02163}