{"fit_seconds": 209.822774, "predict_seconds": 0.018998}