{"fit_seconds": 221.594929, "predict_seconds": 0.020483}