{"fit_seconds": 191.284437, "predict_seconds": 0.021789}