{"fit_seconds": 23.149889, "predict_seconds": 0.018997}