{"fit_seconds": 66.605962, "predict_seconds": 0.020353}