{"fit_seconds": 21.458886, "predict_seconds": 0.020992}