{"fit_seconds": 30.132263, "predict_seconds": 0.019286}