{"fit_seconds": 12.141286, "predict_seconds": 0.019349}