{"fit_seconds": 25.087556, "predict_seconds": 0.020523}