{"fit_seconds": 59.832352, "predict_seconds": 0.018003}