{"fit_seconds": 7.28783, "predict_seconds": 0.018997}