{"fit_seconds": 18.820764, "predict_seconds": 0.02599}