{"fit_seconds": 56.915711, "predict_seconds": 0.020063}