{"fit_seconds": 9.094106, "predict_seconds": 0.01977}