{"fit_seconds": 6.915734, "predict_seconds": 0.019566}