{"fit_seconds": 19.593215, "predict_seconds": 0.020006}