{"fit_seconds": 3.535099, "predict_seconds": 0.023004}