{"fit_seconds": 17.36826, "predict_seconds": 0.020008}