{"fit_seconds": 6.748608, "predict_seconds": 0.020207}