{"fit_seconds": 226.572518, "predict_seconds": 0.020004}