{"fit_seconds": 292.574158, "predict_seconds": 0.022009}