{"fit_seconds": 200.123935, "predict_seconds": 0.020997}