{"fit_seconds": 193.827176, "predict_seconds": 0.026999}