{"fit_seconds": 213.927676, "predict_seconds": 0.018334}