{"fit_seconds": 103.931611, "predict_seconds": 0.019004}