{"fit_seconds": 5.116448, "predict_seconds": 0.01965}