{"fit_seconds": 192.521305, "predict_seconds": 0.021003}