{"fit_seconds": 196.732793, "predict_seconds": 0.020554}