{"fit_seconds": 206.778394, "predict_seconds": 0.023998}