{"fit_seconds": 215.521473, "predict_seconds": 0.030997}