{"fit_seconds": 230.031333, "predict_seconds": 0.020174}