{"fit_seconds": 194.371102, "predict_seconds": 0.020003}