{"fit_seconds": 201.638828, "predict_seconds": 0.02471}