{"fit_seconds": 268.010138, "predict_seconds": 0.024004}