{"fit_seconds": 212.623978, "predict_seconds": 0.020994}