{"fit_seconds": 231.555863, "predict_seconds": 0.019066}