{"fit_seconds": 219.491314, "predict_seconds": 0.019483}