{"fit_seconds": 238.448898, "predict_seconds": 0.021995}