{"fit_seconds": 218.505197, "predict_seconds": 0.021018}