{"fit_seconds": 224.180188, "predict_seconds": 0.020012}