{"fit_seconds": 11.404831, "predict_seconds": 0.024864}