{"fit_seconds": 77.706946, "predict_seconds": 0.019003}