{"fit_seconds": 17.705025, "predict_seconds": 0.019763}