{"fit_seconds": 26.873599, "predict_seconds": 0.021003}