{"fit_seconds": 16.057021, "predict_seconds": 0.020441}