{"fit_seconds": 2.162793, "predict_seconds": 0.019113}