{"fit_seconds": 11.026412, "predict_seconds": 0.019999}