{"fit_seconds": 7.526268, "predict_seconds": 0.019003}