{"fit_seconds": 26.233855, "predict_seconds": 0.022421}