{"fit_seconds": 17.02391, "predict_seconds": 0.020009}