{"fit_seconds": 26.870503, "predict_seconds": 0.02172}