{"fit_seconds": 22.146036, "predict_seconds": 0.021001}