{"fit_seconds": 1.925709, "predict_seconds": 0.019233}