{"fit_seconds": 1.762874, "predict_seconds": 0.022006}