{"fit_seconds": 6.430665, "predict_seconds": 0.020022}