{"fit_seconds": 1.471299, "predict_seconds": 0.020887}