{"fit_seconds": 1.240216, "predict_seconds": 0.006001}