{"fit_seconds": 1.302466, "predict_seconds": 0.019994}