{"fit_seconds": 1.871191, "predict_seconds": 0.020004}