{"fit_seconds": 2.363466, "predict_seconds": 0.020005}