{"fit_seconds": 2.060477, "predict_seconds": 0.02097}