{"fit_seconds": 2.027804, "predict_seconds": 0.019736}