{"fit_seconds": 1.274924, "predict_seconds": 0.005986}