{"fit_seconds": 1.451022, "predict_seconds": 0.019998}