{"fit_seconds": 76.411876, "predict_seconds": 0.021375}