{"fit_seconds": 2.363206, "predict_seconds": 0.019005}