{"fit_seconds": 27.80195, "predict_seconds": 0.019021}