{"fit_seconds": 27.942157, "predict_seconds": 0.018458}