{"fit_seconds": 15.617206, "predict_seconds": 0.020009}