{"fit_seconds": 12.568978, "predict_seconds": 0.02031}