{"fit_seconds": 10.100519, "predict_seconds": 0.020886}