{"fit_seconds": 17.253933, "predict_seconds": 0.019623}