{"fit_seconds": 41.40149, "predict_seconds": 0.018843}