{"fit_seconds": 11.298771, "predict_seconds": 0.019005}