{"fit_seconds": 23.380054, "predict_seconds": 0.018998}