{"fit_seconds": 24.401076, "predict_seconds": 0.019247}