{"fit_seconds": 30.69388, "predict_seconds": 0.020049}