{"fit_seconds": 10.040889, "predict_seconds": 0.020012}