{"fit_seconds": 39.957319, "predict_seconds": 0.019005}