{"fit_seconds": 15.720681, "predict_seconds": 0.019191}