{"fit_seconds": 14.696307, "predict_seconds": 0.018091}