{"fit_seconds": 10.449379, "predict_seconds": 0.020632}