{"fit_seconds": 4.18936, "predict_seconds": 0.020003}