{"fit_seconds": 6.758647, "predict_seconds": 0.020231}