{"fit_seconds": 5.353894, "predict_seconds": 0.020008}