{"fit_seconds": 8.565338, "predict_seconds": 0.019005}