{"fit_seconds": 7.967219, "predict_seconds": 0.020474}