{"fit_seconds": 9.278599, "predict_seconds": 0.02203}