{"fit_seconds": 17.151908, "predict_seconds": 0.020008}