{"fit_seconds": 47.726829, "predict_seconds": 0.021003}