{"fit_seconds": 12.295607, "predict_seconds": 0.021005}