{"fit_seconds": 11.87861, "predict_seconds": 0.017877}