{"fit_seconds": 14.113381, "predict_seconds": 0.018998}