{"fit_seconds": 1.818569, "predict_seconds": 0.020004}