{"fit_seconds": 1.843715, "predict_seconds": 0.020004}