{"fit_seconds": 1.756286, "predict_seconds": 0.018999}