{"fit_seconds": 21.639216, "predict_seconds": 0.019561}