{"fit_seconds": 6.530844, "predict_seconds": 0.021029}