{"fit_seconds": 1.872322, "predict_seconds": 0.019105}