{"fit_seconds": 3.687565, "predict_seconds": 0.02001}