{"fit_seconds": 3.213443, "predict_seconds": 0.020262}