{"fit_seconds": 3.37937, "predict_seconds": 0.019011}