{"fit_seconds": 2.428509, "predict_seconds": 0.022013}