{"fit_seconds": 2.359739, "predict_seconds": 0.019647}