{"fit_seconds": 6.133507, "predict_seconds": 0.021005}