{"fit_seconds": 1.967431, "predict_seconds": 0.019003}