{"fit_seconds": 9.921543, "predict_seconds": 0.022001}