{"fit_seconds": 6.687392, "predict_seconds": 0.019981}