{"fit_seconds": 12.288077, "predict_seconds": 0.019069}