{"fit_seconds": 22.495344, "predict_seconds": 0.019005}