{"fit_seconds": 22.92576, "predict_seconds": 0.019969}