{"fit_seconds": 6.613099, "predict_seconds": 0.019996}