{"fit_seconds": 8.432684, "predict_seconds": 0.019114}