{"fit_seconds": 8.486128, "predict_seconds": 0.020003}