{"fit_seconds": 9.163982, "predict_seconds": 0.020019}