{"fit_seconds": 15.324019, "predict_seconds": 0.020999}