{"fit_seconds": 13.741691, "predict_seconds": 0.021007}