{"fit_seconds": 9.820012, "predict_seconds": 0.018004}