{"fit_seconds": 7.787157, "predict_seconds": 0.020008}