{"fit_seconds": 10.683368, "predict_seconds": 0.020006}