{"fit_seconds": 1.861627, "predict_seconds": 0.019925}