{"fit_seconds": 2.757497, "predict_seconds": 0.018971}