{"fit_seconds": 7.178045, "predict_seconds": 0.019004}