{"fit_seconds": 10.422788, "predict_seconds": 0.018996}