{"fit_seconds": 5.030687, "predict_seconds": 0.020172}