{"fit_seconds": 9.570004, "predict_seconds": 0.021005}