{"fit_seconds": 18.653552, "predict_seconds": 0.01999}