{"fit_seconds": 9.818706, "predict_seconds": 0.018754}