{"fit_seconds": 2.179723, "predict_seconds": 0.020007}