{"fit_seconds": 8.286416, "predict_seconds": 0.021011}