{"fit_seconds": 2.548522, "predict_seconds": 0.019568}