{"fit_seconds": 21.147994, "predict_seconds": 0.020005}