{"fit_seconds": 6.515452, "predict_seconds": 0.020752}