{"fit_seconds": 4.652099, "predict_seconds": 0.021018}