{"fit_seconds": 7.902555, "predict_seconds": 0.020709}