{"fit_seconds": 2.571461, "predict_seconds": 0.019019}