{"fit_seconds": 5.422089, "predict_seconds": 0.020317}