{"fit_seconds": 1.702197, "predict_seconds": 0.020005}