{"fit_seconds": 3.527362, "predict_seconds": 0.01889}