{"fit_seconds": 1.739194, "predict_seconds": 0.018999}