{"fit_seconds": 1.529783, "predict_seconds": 0.019506}