{"fit_seconds": 19.922463, "predict_seconds": 0.020004}