{"fit_seconds": 35.598583, "predict_seconds": 0.019005}