{"fit_seconds": 18.009726, "predict_seconds": 0.019613}