{"fit_seconds": 18.20292, "predict_seconds": 0.021005}