{"fit_seconds": 13.725222, "predict_seconds": 0.019003}