{"fit_seconds": 13.576747, "predict_seconds": 0.018885}