{"fit_seconds": 14.199241, "predict_seconds": 0.020033}