{"fit_seconds": 18.30655, "predict_seconds": 0.019799}