{"fit_seconds": 7.483293, "predict_seconds": 0.019361}