{"fit_seconds": 2.357569, "predict_seconds": 0.02053}