{"fit_seconds": 18.641089, "predict_seconds": 0.019999}