{"fit_seconds": 13.556995, "predict_seconds": 0.019057}