{"fit_seconds": 17.262877, "predict_seconds": 0.020005}