{"fit_seconds": 4.133268, "predict_seconds": 0.020994}