{"fit_seconds": 1.235786, "predict_seconds": 0.006007}