{"fit_seconds": 4.624265, "predict_seconds": 0.02101}