{"fit_seconds": 1.24825, "predict_seconds": 0.006003}