{"fit_seconds": 1.25948, "predict_seconds": 0.006991}