{"fit_seconds": 6.37973, "predict_seconds": 0.019638}