{"fit_seconds": 3.095485, "predict_seconds": 0.019011}