{"fit_seconds": 6.066027, "predict_seconds": 0.022005}