{"fit_seconds": 6.209527, "predict_seconds": 0.020001}