{"fit_seconds": 1.767118, "predict_seconds": 0.020064}