{"fit_seconds": 6.779529, "predict_seconds": 0.020005}