{"fit_seconds": 9.567654, "predict_seconds": 0.021005}