{"fit_seconds": 5.980466, "predict_seconds": 0.019364}