{"fit_seconds": 4.835582, "predict_seconds": 0.019999}