{"fit_seconds": 6.677134, "predict_seconds": 0.019004}