{"fit_seconds": 5.464851, "predict_seconds": 0.021003}