{"fit_seconds": 3.958295, "predict_seconds": 0.020208}