{"fit_seconds": 4.897127, "predict_seconds": 0.021924}