{"fit_seconds": 11.174055, "predict_seconds": 0.039004}