{"fit_seconds": 4.016907, "predict_seconds": 0.025553}