{"fit_seconds": 5.324122, "predict_seconds": 0.019004}