{"fit_seconds": 3.430589, "predict_seconds": 0.019992}