{"fit_seconds": 6.65752, "predict_seconds": 0.020928}