{"fit_seconds": 4.732673, "predict_seconds": 0.018998}