{"fit_seconds": 4.295171, "predict_seconds": 0.021006}