{"fit_seconds": 3.698767, "predict_seconds": 0.024003}