{"fit_seconds": 3.909639, "predict_seconds": 0.025005}