{"fit_seconds": 3.533782, "predict_seconds": 0.020004}