{"fit_seconds": 2.757587, "predict_seconds": 0.021589}