{"fit_seconds": 2.941012, "predict_seconds": 0.039007}