{"fit_seconds": 5.112593, "predict_seconds": 0.020281}