{"fit_seconds": 2.355658, "predict_seconds": 0.027001}