{"fit_seconds": 2.341698, "predict_seconds": 0.020015}