{"fit_seconds": 7.840593, "predict_seconds": 0.021004}