{"fit_seconds": 9.395364, "predict_seconds": 0.022525}