{"fit_seconds": 4.229796, "predict_seconds": 0.019997}