{"fit_seconds": 2.860345, "predict_seconds": 0.018989}