{"fit_seconds": 4.12038, "predict_seconds": 0.020004}