{"fit_seconds": 3.578594, "predict_seconds": 0.019003}