{"fit_seconds": 2.341674, "predict_seconds": 0.025994}