{"fit_seconds": 5.998969, "predict_seconds": 0.020004}