{"fit_seconds": 4.190084, "predict_seconds": 0.020004}