{"fit_seconds": 1.300764, "predict_seconds": 0.006986}