{"fit_seconds": 3.262126, "predict_seconds": 0.021001}