{"fit_seconds": 2.901865, "predict_seconds": 0.020019}