{"fit_seconds": 4.162969, "predict_seconds": 0.035011}