{"fit_seconds": 5.014687, "predict_seconds": 0.019868}