{"fit_seconds": 4.930641, "predict_seconds": 0.019008}