{"fit_seconds": 4.141232, "predict_seconds": 0.020002}