{"fit_seconds": 5.971395, "predict_seconds": 0.01988}