{"fit_seconds": 5.916817, "predict_seconds": 0.018998}