{"fit_seconds": 5.048862, "predict_seconds": 0.021008}