{"fit_seconds": 5.578594, "predict_seconds": 0.021016}