{"fit_seconds": 5.671592, "predict_seconds": 0.02003}