{"fit_seconds": 5.527539, "predict_seconds": 0.020004}