{"fit_seconds": 5.756536, "predict_seconds": 0.022005}