{"fit_seconds": 4.250071, "predict_seconds": 0.020003}