{"fit_seconds": 3.265926, "predict_seconds": 0.018677}