{"fit_seconds": 1.952686, "predict_seconds": 0.018998}