{"fit_seconds": 1.208739, "predict_seconds": 0.023008}