{"fit_seconds": 3.943493, "predict_seconds": 0.019005}