{"fit_seconds": 3.291059, "predict_seconds": 0.021011}