{"fit_seconds": 2.625436, "predict_seconds": 0.019337}