{"fit_seconds": 3.217306, "predict_seconds": 0.021008}