{"fit_seconds": 9.967105, "predict_seconds": 0.021997}