{"fit_seconds": 3.067483, "predict_seconds": 0.02087}