{"fit_seconds": 2.208064, "predict_seconds": 0.018789}