{"fit_seconds": 5.788762, "predict_seconds": 0.020563}