{"fit_seconds": 10.087804, "predict_seconds": 0.026013}