{"fit_seconds": 6.212754, "predict_seconds": 0.029028}