{"fit_seconds": 4.349892, "predict_seconds": 0.020017}