{"fit_seconds": 9.818496, "predict_seconds": 0.019484}