{"fit_seconds": 8.981543, "predict_seconds": 0.019621}