{"fit_seconds": 6.364109, "predict_seconds": 0.018992}