{"fit_seconds": 5.432565, "predict_seconds": 0.02002}