{"fit_seconds": 2.456658, "predict_seconds": 0.020638}