{"fit_seconds": 4.644612, "predict_seconds": 0.020008}