{"fit_seconds": 4.546388, "predict_seconds": 0.019283}