{"fit_seconds": 4.580195, "predict_seconds": 0.019195}