{"fit_seconds": 8.349526, "predict_seconds": 0.020199}