{"fit_seconds": 3.645652, "predict_seconds": 0.017292}