{"fit_seconds": 6.258632, "predict_seconds": 0.020591}