{"fit_seconds": 11.019051, "predict_seconds": 0.020004}