{"fit_seconds": 9.212619, "predict_seconds": 0.021005}