{"fit_seconds": 1.701714, "predict_seconds": 0.02101}