{"fit_seconds": 10.002788, "predict_seconds": 0.020003}