{"fit_seconds": 1.301898, "predict_seconds": 0.005995}