{"fit_seconds": 2.677399, "predict_seconds": 0.018936}