{"fit_seconds": 7.986813, "predict_seconds": 0.021012}