{"fit_seconds": 3.087041, "predict_seconds": 0.020005}