{"fit_seconds": 3.954359, "predict_seconds": 0.018754}