{"fit_seconds": 1.413298, "predict_seconds": 0.00601}