{"fit_seconds": 5.515826, "predict_seconds": 0.020002}