{"fit_seconds": 3.940125, "predict_seconds": 0.020005}