{"fit_seconds": 18.455767, "predict_seconds": 0.021011}