{"fit_seconds": 15.278569, "predict_seconds": 0.021004}