{"fit_seconds": 3.121711, "predict_seconds": 0.020991}