{"fit_seconds": 1.435221, "predict_seconds": 0.006017}