{"fit_seconds": 5.04416, "predict_seconds": 0.018818}