{"fit_seconds": 1.713698, "predict_seconds": 0.019999}