{"fit_seconds": 2.67208, "predict_seconds": 0.020563}