{"fit_seconds": 5.210162, "predict_seconds": 0.01966}