{"fit_seconds": 4.605022, "predict_seconds": 0.020998}