{"fit_seconds": 5.041292, "predict_seconds": 0.020005}