{"fit_seconds": 5.662693, "predict_seconds": 0.020006}