{"fit_seconds": 12.387933, "predict_seconds": 0.020433}