{"fit_seconds": 202.433532, "predict_seconds": 0.020616}