{"fit_seconds": 237.424828, "predict_seconds": 0.030006}