{"fit_seconds": 38.888404, "predict_seconds": 0.020956}