{"fit_seconds": 84.083889, "predict_seconds": 0.021758}