{"fit_seconds": 200.024885, "predict_seconds": 0.020999}