{"fit_seconds": 15.102126, "predict_seconds": 0.020995}