{"fit_seconds": 207.527407, "predict_seconds": 0.019996}