{"fit_seconds": 198.593126, "predict_seconds": 0.019011}