{"fit_seconds": 213.718513, "predict_seconds": 0.020013}