{"fit_seconds": 17.850409, "predict_seconds": 0.019007}