{"fit_seconds": 91.208485, "predict_seconds": 0.021304}