{"fit_seconds": 60.107246, "predict_seconds": 0.020003}