{"fit_seconds": 153.74721, "predict_seconds": 0.01911}