{"fit_seconds": 87.751976, "predict_seconds": 0.029007}