{"fit_seconds": 98.537278, "predict_seconds": 0.021233}