{"fit_seconds": 80.223501, "predict_seconds": 0.019012}