{"fit_seconds": 95.424778, "predict_seconds": 0.021005}