{"fit_seconds": 160.155398, "predict_seconds": 0.019999}