{"fit_seconds": 163.405909, "predict_seconds": 0.020003}