{"fit_seconds": 159.914111, "predict_seconds": 0.01984}