{"fit_seconds": 186.045701, "predict_seconds": 0.025007}