{"fit_seconds": 101.588719, "predict_seconds": 0.022458}