{"fit_seconds": 155.026301, "predict_seconds": 0.021011}