{"fit_seconds": 60.52368, "predict_seconds": 0.020034}