{"fit_seconds": 17.499023, "predict_seconds": 0.01901}