{"fit_seconds": 66.449436, "predict_seconds": 0.01901}