{"fit_seconds": 154.825023, "predict_seconds": 0.021124}