{"fit_seconds": 39.433898, "predict_seconds": 0.019507}