{"fit_seconds": 162.595459, "predict_seconds": 0.021009}