{"fit_seconds": 84.643533, "predict_seconds": 0.021003}