{"fit_seconds": 65.613799, "predict_seconds": 0.021002}