{"fit_seconds": 83.637669, "predict_seconds": 0.01902}