{"fit_seconds": 70.923839, "predict_seconds": 0.022007}