{"fit_seconds": 75.307139, "predict_seconds": 0.021014}