{"fit_seconds": 127.715479, "predict_seconds": 0.020155}