{"fit_seconds": 96.911237, "predict_seconds": 0.020003}