{"fit_seconds": 78.446342, "predict_seconds": 0.022924}