{"fit_seconds": 29.480378, "predict_seconds": 0.020007}