{"fit_seconds": 51.592161, "predict_seconds": 0.021009}