{"fit_seconds": 106.662208, "predict_seconds": 0.020006}