{"fit_seconds": 147.057747, "predict_seconds": 0.024994}