{"fit_seconds": 200.659463, "predict_seconds": 0.021827}