{"fit_seconds": 150.862499, "predict_seconds": 0.021497}