{"fit_seconds": 156.887271, "predict_seconds": 0.020018}