{"fit_seconds": 151.198162, "predict_seconds": 0.019003}