{"fit_seconds": 159.784917, "predict_seconds": 0.021349}