{"fit_seconds": 146.006969, "predict_seconds": 0.019907}