{"fit_seconds": 148.476386, "predict_seconds": 0.018273}