{"fit_seconds": 155.373932, "predict_seconds": 0.020525}