{"fit_seconds": 157.31561, "predict_seconds": 0.025003}