{"fit_seconds": 152.438327, "predict_seconds": 0.02133}