{"fit_seconds": 149.282449, "predict_seconds": 0.020327}