{"fit_seconds": 163.242846, "predict_seconds": 0.021335}