{"fit_seconds": 167.595252, "predict_seconds": 0.021005}