{"fit_seconds": 213.00227, "predict_seconds": 0.019011}