{"fit_seconds": 205.319837, "predict_seconds": 0.021064}