{"fit_seconds": 188.680982, "predict_seconds": 0.020005}