{"fit_seconds": 123.765051, "predict_seconds": 0.04002}