{"fit_seconds": 62.267021, "predict_seconds": 0.021008}