{"fit_seconds": 153.764223, "predict_seconds": 0.022499}