{"fit_seconds": 74.559658, "predict_seconds": 0.021997}