{"fit_seconds": 24.207853, "predict_seconds": 0.02001}