{"fit_seconds": 20.979927, "predict_seconds": 0.020002}