{"fit_seconds": 28.988714, "predict_seconds": 0.020134}