{"fit_seconds": 76.377615, "predict_seconds": 0.019122}