{"fit_seconds": 91.913376, "predict_seconds": 0.019686}