{"fit_seconds": 26.169792, "predict_seconds": 0.021003}