{"fit_seconds": 148.757958, "predict_seconds": 0.021996}