{"fit_seconds": 163.930046, "predict_seconds": 0.019011}