{"fit_seconds": 78.433202, "predict_seconds": 0.022015}