{"fit_seconds": 83.068075, "predict_seconds": 0.021584}