{"fit_seconds": 83.338979, "predict_seconds": 0.020004}