{"fit_seconds": 160.114492, "predict_seconds": 0.021271}