{"fit_seconds": 122.341204, "predict_seconds": 0.020839}