{"fit_seconds": 143.091442, "predict_seconds": 0.021005}