{"fit_seconds": 1.966572, "predict_seconds": 0.019999}