{"fit_seconds": 3.830693, "predict_seconds": 0.019888}