{"fit_seconds": 3.967391, "predict_seconds": 0.022001}