{"fit_seconds": 5.455002, "predict_seconds": 0.021011}