{"fit_seconds": 3.518593, "predict_seconds": 0.022013}