{"fit_seconds": 4.499271, "predict_seconds": 0.026011}