{"fit_seconds": 4.738982, "predict_seconds": 0.026007}