{"fit_seconds": 3.766909, "predict_seconds": 0.019992}