{"fit_seconds": 152.729541, "predict_seconds": 0.021009}