{"fit_seconds": 2.754437, "predict_seconds": 0.021998}