{"fit_seconds": 3.852449, "predict_seconds": 0.020535}