{"fit_seconds": 3.191618, "predict_seconds": 0.021015}