{"fit_seconds": 2.640244, "predict_seconds": 0.023005}