{"fit_seconds": 3.998834, "predict_seconds": 0.022002}