{"fit_seconds": 3.795873, "predict_seconds": 0.021992}