{"fit_seconds": 3.727475, "predict_seconds": 0.020989}