{"fit_seconds": 203.790968, "predict_seconds": 0.027006}