{"fit_seconds": 4.073334, "predict_seconds": 0.022007}