{"fit_seconds": 3.780094, "predict_seconds": 0.022013}