{"fit_seconds": 2.679987, "predict_seconds": 0.01899}