{"fit_seconds": 4.528562, "predict_seconds": 0.020999}