{"fit_seconds": 4.097016, "predict_seconds": 0.021992}