{"fit_seconds": 3.116204, "predict_seconds": 0.024017}