{"fit_seconds": 4.063553, "predict_seconds": 0.023006}