{"fit_seconds": 2.352665, "predict_seconds": 0.023005}