{"fit_seconds": 2.995764, "predict_seconds": 0.020003}