{"fit_seconds": 165.55817, "predict_seconds": 0.020244}