{"fit_seconds": 46.682089, "predict_seconds": 0.02019}