{"fit_seconds": 158.726472, "predict_seconds": 0.018997}