{"fit_seconds": 207.03544, "predict_seconds": 0.020002}