{"fit_seconds": 139.794085, "predict_seconds": 0.022006}