{"fit_seconds": 202.120864, "predict_seconds": 0.020304}