{"fit_seconds": 34048.354873, "predict_seconds": 0.024002}