{"fit_seconds": 108.88513, "predict_seconds": 0.019952}