{"fit_seconds": 111.504876, "predict_seconds": 0.018003}