{"fit_seconds": 160.32119, "predict_seconds": 0.023007}