{"fit_seconds": 194.522289, "predict_seconds": 0.024002}