{"fit_seconds": 191.067846, "predict_seconds": 0.021973}