{"fit_seconds": 213.221763, "predict_seconds": 0.020837}