{"fit_seconds": 196.581793, "predict_seconds": 0.025004}