{"fit_seconds": 119.924466, "predict_seconds": 0.020399}