{"fit_seconds": 47.43832, "predict_seconds": 0.019011}