{"fit_seconds": 33.820364, "predict_seconds": 0.021006}