{"fit_seconds": 38.552914, "predict_seconds": 0.018008}