{"fit_seconds": 44.284015, "predict_seconds": 0.023993}