{"fit_seconds": 57.180864, "predict_seconds": 0.022005}