{"fit_seconds": 158.088646, "predict_seconds": 0.021005}