{"fit_seconds": 43.679464, "predict_seconds": 0.021005}