{"fit_seconds": 130.20594, "predict_seconds": 0.019006}