{"fit_seconds": 34.682653, "predict_seconds": 0.019998}