{"fit_seconds": 21.867993, "predict_seconds": 0.021301}