{"fit_seconds": 81.945232, "predict_seconds": 0.019558}