{"fit_seconds": 212.207454, "predict_seconds": 0.019498}