{"fit_seconds": 10.952363, "predict_seconds": 0.02002}