{"fit_seconds": 14.587277, "predict_seconds": 0.018756}