{"fit_seconds": 203.251108, "predict_seconds": 0.027003}