{"fit_seconds": 193.64557, "predict_seconds": 0.021011}