{"fit_seconds": 184.346657, "predict_seconds": 0.020332}