{"fit_seconds": 211.133457, "predict_seconds": 0.045011}