{"fit_seconds": 164.02351, "predict_seconds": 0.019399}