{"fit_seconds": 1.094699, "predict_seconds": 0.005993}