{"fit_seconds": 1.76666, "predict_seconds": 0.023013}