{"fit_seconds": 1.868957, "predict_seconds": 0.020009}