{"fit_seconds": 1.327868, "predict_seconds": 0.008011}