{"fit_seconds": 1.507312, "predict_seconds": 0.008005}