{"fit_seconds": 3.204311, "predict_seconds": 0.022012}