{"fit_seconds": 2.070905, "predict_seconds": 0.021618}