{"fit_seconds": 1.845751, "predict_seconds": 0.024006}