{"fit_seconds": 1.520831, "predict_seconds": 0.007995}