{"fit_seconds": 1.399073, "predict_seconds": 0.007006}