{"fit_seconds": 1.17848, "predict_seconds": 0.007993}