{"fit_seconds": 1.316547, "predict_seconds": 0.007017}