{"fit_seconds": 2.195493, "predict_seconds": 0.023995}