{"fit_seconds": 1.510684, "predict_seconds": 0.022005}