{"fit_seconds": 1.174627, "predict_seconds": 0.006002}