{"fit_seconds": 1.176339, "predict_seconds": 0.007591}