{"fit_seconds": 1.155479, "predict_seconds": 0.007002}