{"fit_seconds": 1.303981, "predict_seconds": 0.020011}