{"fit_seconds": 3.640925, "predict_seconds": 0.022004}