{"fit_seconds": 1.18876, "predict_seconds": 0.006004}