{"fit_seconds": 1.156972, "predict_seconds": 0.006011}