{"fit_seconds": 1.149883, "predict_seconds": 0.006995}