{"fit_seconds": 1.165315, "predict_seconds": 0.006998}