{"fit_seconds": 1.155588, "predict_seconds": 0.008002}