{"fit_seconds": 1.206421, "predict_seconds": 0.006016}