{"fit_seconds": 1.857468, "predict_seconds": 0.024333}