{"fit_seconds": 1.254847, "predict_seconds": 0.007001}