{"fit_seconds": 1.271415, "predict_seconds": 0.020997}