{"fit_seconds": 1.787207, "predict_seconds": 0.006627}