{"fit_seconds": 1.131939, "predict_seconds": 0.007017}