{"fit_seconds": 1.160833, "predict_seconds": 0.006001}