{"fit_seconds": 1.223983, "predict_seconds": 0.006839}