{"fit_seconds": 1.199914, "predict_seconds": 0.006998}