{"fit_seconds": 2.50983, "predict_seconds": 0.022111}