{"fit_seconds": 1.298021, "predict_seconds": 0.006994}