{"fit_seconds": 1.23019, "predict_seconds": 0.007002}