{"fit_seconds": 168.377448, "predict_seconds": 0.087019}