{"fit_seconds": 120.41457, "predict_seconds": 0.001001}