{"fit_seconds": 193.260788, "predict_seconds": 0.102005}