{"fit_seconds": 119.639939, "predict_seconds": 0.002001}