{"fit_seconds": 182.199673, "predict_seconds": 0.085975}