{"fit_seconds": 207.084312, "predict_seconds": 0.084986}