{"fit_seconds": 120.558312, "predict_seconds": 0.002001}