{"fit_seconds": 178.876815, "predict_seconds": 0.180931}