{"fit_seconds": 107.334033, "predict_seconds": 0.001001}