{"fit_seconds": 189.171411, "predict_seconds": 0.098032}