{"fit_seconds": 197.195199, "predict_seconds": 0.09735}