{"fit_seconds": 191.928666, "predict_seconds": 0.083812}