{"fit_seconds": 182.330374, "predict_seconds": 0.096074}