{"fit_seconds": 203.129794, "predict_seconds": 0.084155}