{"fit_seconds": 127.50164, "predict_seconds": 0.087539}