{"fit_seconds": 169.022362, "predict_seconds": 0.091031}