{"fit_seconds": 192.297013, "predict_seconds": 0.095868}