{"fit_seconds": 190.001935, "predict_seconds": 0.181851}