{"fit_seconds": 189.580915, "predict_seconds": 0.083642}