{"fit_seconds": 189.477255, "predict_seconds": 0.088304}