{"fit_seconds": 135.970798, "predict_seconds": 0.090991}