{"fit_seconds": 120.064021, "predict_seconds": 0.001001}