{"fit_seconds": 134.814534, "predict_seconds": 0.088894}