{"fit_seconds": 137.89854, "predict_seconds": 0.086192}