{"fit_seconds": 120.664309, "predict_seconds": 0.09098}