{"fit_seconds": 142.103352, "predict_seconds": 0.090001}