{"fit_seconds": 130.075718, "predict_seconds": 0.090908}