{"fit_seconds": 125.957035, "predict_seconds": 0.09562}