{"fit_seconds": 201.396341, "predict_seconds": 0.085566}