{"fit_seconds": 148.681474, "predict_seconds": 0.098296}