{"fit_seconds": 120.076456, "predict_seconds": 0.002001}