{"fit_seconds": 204.955911, "predict_seconds": 0.088955}