{"fit_seconds": 182.422842, "predict_seconds": 0.09379}