{"fit_seconds": 151.99895, "predict_seconds": 0.083806}