{"fit_seconds": 119.908299, "predict_seconds": 0.001001}