{"fit_seconds": 205.539972, "predict_seconds": 0.085971}