{"fit_seconds": 178.656233, "predict_seconds": 0.091054}