{"fit_seconds": 190.99748, "predict_seconds": 0.097274}