{"fit_seconds": 123.060129, "predict_seconds": 0.001001}