{"fit_seconds": 182.109607, "predict_seconds": 0.09202}