{"fit_seconds": 201.736417, "predict_seconds": 0.087048}