{"fit_seconds": 188.629511, "predict_seconds": 0.088003}