{"fit_seconds": 120.270264, "predict_seconds": 0.002001}