{"fit_seconds": 151.976976, "predict_seconds": 0.088063}