{"fit_seconds": 138.293777, "predict_seconds": 0.10622}