{"fit_seconds": 174.021401, "predict_seconds": 0.094937}