{"fit_seconds": 188.702615, "predict_seconds": 0.085276}