{"fit_seconds": 120.322319, "predict_seconds": 0.002001}