{"fit_seconds": 145.538712, "predict_seconds": 0.096265}