{"fit_seconds": 195.740049, "predict_seconds": 0.08705}