{"fit_seconds": 119.568926, "predict_seconds": 0.001001}