{"fit_seconds": 119.71005, "predict_seconds": 0.002001}