{"fit_seconds": 188.16984, "predict_seconds": 0.086049}