{"fit_seconds": 158.738807, "predict_seconds": 0.18607}