{"fit_seconds": 189.20501, "predict_seconds": 0.088019}