{"fit_seconds": 197.555128, "predict_seconds": 0.09799}