{"fit_seconds": 204.505953, "predict_seconds": 0.083521}