{"fit_seconds": 130.255625, "predict_seconds": 0.093216}