{"fit_seconds": 130.958804, "predict_seconds": 0.02701}