{"fit_seconds": 120.308336, "predict_seconds": 0.002001}