{"fit_seconds": 132.330514, "predict_seconds": 0.092158}