{"fit_seconds": 145.087987, "predict_seconds": 0.097117}