{"fit_seconds": 122.24534, "predict_seconds": 0.09253}