{"fit_seconds": 125.433867, "predict_seconds": 0.095304}