{"fit_seconds": 136.621435, "predict_seconds": 0.087006}