{"fit_seconds": 156.031763, "predict_seconds": 0.084729}