{"fit_seconds": 189.308195, "predict_seconds": 0.086295}