{"fit_seconds": 189.078939, "predict_seconds": 0.086055}