{"fit_seconds": 147.871599, "predict_seconds": 0.09783}