{"fit_seconds": 147.299084, "predict_seconds": 0.082714}