{"fit_seconds": 126.765355, "predict_seconds": 0.10894}