{"fit_seconds": 192.389206, "predict_seconds": 0.087925}