{"fit_seconds": 119.803519, "predict_seconds": 0.001001}