{"fit_seconds": 187.446263, "predict_seconds": 0.086867}