{"fit_seconds": 188.503662, "predict_seconds": 0.085982}