{"fit_seconds": 200.66758, "predict_seconds": 0.090055}