{"fit_seconds": 127.602835, "predict_seconds": 0.086013}