{"fit_seconds": 151.892403, "predict_seconds": 0.087032}