{"fit_seconds": 119.701987, "predict_seconds": 0.000997}