{"fit_seconds": 179.562836, "predict_seconds": 0.08695}