{"fit_seconds": 192.157151, "predict_seconds": 0.096056}