{"fit_seconds": 180.279377, "predict_seconds": 0.085051}