{"fit_seconds": 122.520587, "predict_seconds": 0.09646}