{"fit_seconds": 134.510014, "predict_seconds": 0.089796}