{"fit_seconds": 128.62119, "predict_seconds": 0.09203}