{"fit_seconds": 135.86279, "predict_seconds": 0.093017}