{"fit_seconds": 123.146631, "predict_seconds": 0.140332}