{"fit_seconds": 123.343835, "predict_seconds": 0.037008}