{"fit_seconds": 120.244567, "predict_seconds": 0.030007}