{"fit_seconds": 120.012168, "predict_seconds": 0.001001}