{"fit_seconds": 120.392231, "predict_seconds": 0.002001}