{"fit_seconds": 120.392365, "predict_seconds": 0.002001}