{"fit_seconds": 120.160792, "predict_seconds": 0.001001}