{"fit_seconds": 147.93927, "predict_seconds": 0.119064}