{"fit_seconds": 127.98002, "predict_seconds": 0.095024}