{"fit_seconds": 119.887078, "predict_seconds": 0.001001}