{"fit_seconds": 130.927806, "predict_seconds": 0.002001}