{"fit_seconds": 119.583955, "predict_seconds": 0.001001}