{"fit_seconds": 120.47604, "predict_seconds": 0.001001}