{"fit_seconds": 120.395216, "predict_seconds": 0.001001}