{"fit_seconds": 120.259974, "predict_seconds": 0.002001}