{"fit_seconds": 132.333405, "predict_seconds": 0.093021}