{"fit_seconds": 107.073899, "predict_seconds": 0.097012}