{"fit_seconds": 120.297258, "predict_seconds": 0.001001}