{"fit_seconds": 124.328628, "predict_seconds": 0.178276}