{"fit_seconds": 122.275617, "predict_seconds": 0.09564}