{"fit_seconds": 130.734465, "predict_seconds": 0.08605}