{"fit_seconds": 120.434991, "predict_seconds": 0.001001}