{"fit_seconds": 120.091591, "predict_seconds": 0.001001}