{"fit_seconds": 127.781876, "predict_seconds": 0.002001}