{"fit_seconds": 124.894394, "predict_seconds": 0.095614}