{"fit_seconds": 120.22511, "predict_seconds": 0.001001}