{"fit_seconds": 119.762635, "predict_seconds": 0.002001}