{"fit_seconds": 120.349849, "predict_seconds": 0.002001}