{"fit_seconds": 119.967703, "predict_seconds": 0.001001}