{"fit_seconds": 121.082524, "predict_seconds": 0.002001}