{"fit_seconds": 120.231983, "predict_seconds": 0.002001}