{"fit_seconds": 147.404288, "predict_seconds": 0.128033}