{"fit_seconds": 135.412407, "predict_seconds": 0.087008}