{"fit_seconds": 129.980845, "predict_seconds": 0.095039}