{"fit_seconds": 120.725431, "predict_seconds": 0.093171}