{"fit_seconds": 139.851207, "predict_seconds": 0.19104}