{"fit_seconds": 121.097591, "predict_seconds": 0.084017}