{"fit_seconds": 122.872595, "predict_seconds": 0.095053}