{"fit_seconds": 122.798788, "predict_seconds": 0.094862}