{"fit_seconds": 134.884621, "predict_seconds": 0.035008}