{"fit_seconds": 120.698341, "predict_seconds": 0.01598}