{"fit_seconds": 120.445687, "predict_seconds": 0.002001}