{"fit_seconds": 134.773887, "predict_seconds": 0.195048}