{"fit_seconds": 119.508229, "predict_seconds": 0.001001}