{"fit_seconds": 132.49538, "predict_seconds": 0.036008}