{"fit_seconds": 119.578518, "predict_seconds": 0.001001}