{"fit_seconds": 124.993644, "predict_seconds": 0.104263}