{"fit_seconds": 133.603654, "predict_seconds": 0.036009}