{"fit_seconds": 128.604607, "predict_seconds": 0.091408}