{"fit_seconds": 119.695441, "predict_seconds": 0.002001}