{"fit_seconds": 135.404224, "predict_seconds": 0.091994}