{"fit_seconds": 120.267624, "predict_seconds": 0.002001}