{"fit_seconds": 120.280793, "predict_seconds": 0.002001}