{"fit_seconds": 119.654371, "predict_seconds": 0.017168}