{"fit_seconds": 120.443822, "predict_seconds": 0.001001}