{"fit_seconds": 119.627911, "predict_seconds": 0.002001}