{"fit_seconds": 121.861353, "predict_seconds": 0.093033}