{"fit_seconds": 119.964801, "predict_seconds": 0.001001}