{"fit_seconds": 119.786713, "predict_seconds": 0.002001}