{"fit_seconds": 119.712384, "predict_seconds": 0.002001}