{"fit_seconds": 119.766434, "predict_seconds": 0.027002}