{"fit_seconds": 120.38207, "predict_seconds": 0.002001}