{"fit_seconds": 121.820138, "predict_seconds": 0.095142}