{"fit_seconds": 121.017394, "predict_seconds": 0.110835}