{"fit_seconds": 120.010808, "predict_seconds": 0.001001}