{"fit_seconds": 120.966013, "predict_seconds": 0.084938}