{"fit_seconds": 120.688144, "predict_seconds": 0.019006}