{"fit_seconds": 119.840054, "predict_seconds": 0.001001}