{"fit_seconds": 121.780927, "predict_seconds": 0.089032}