{"fit_seconds": 125.773476, "predict_seconds": 0.178035}