{"fit_seconds": 120.491944, "predict_seconds": 0.000999}