{"fit_seconds": 120.828691, "predict_seconds": 0.082803}