{"fit_seconds": 120.697251, "predict_seconds": 0.111184}