{"fit_seconds": 120.720797, "predict_seconds": 0.002001}