{"fit_seconds": 119.973495, "predict_seconds": 0.001001}