{"fit_seconds": 113.135692, "predict_seconds": 0.013008}