{"fit_seconds": 119.862237, "predict_seconds": 0.002001}