{"fit_seconds": 120.264358, "predict_seconds": 0.019006}