{"fit_seconds": 119.956102, "predict_seconds": 0.000985}