{"fit_seconds": 122.737045, "predict_seconds": 0.083036}