{"fit_seconds": 120.356811, "predict_seconds": 0.002001}