{"fit_seconds": 122.543111, "predict_seconds": 0.085009}