{"fit_seconds": 121.844576, "predict_seconds": 0.097019}