{"fit_seconds": 133.885441, "predict_seconds": 0.11601}