{"fit_seconds": 120.117762, "predict_seconds": 0.004001}