{"fit_seconds": 129.225515, "predict_seconds": 0.147036}