{"fit_seconds": 119.712274, "predict_seconds": 0.002001}