{"fit_seconds": 120.581967, "predict_seconds": 0.002001}