{"fit_seconds": 123.584606, "predict_seconds": 0.083023}