{"fit_seconds": 120.211874, "predict_seconds": 0.018618}