{"fit_seconds": 121.425622, "predict_seconds": 0.094025}