{"fit_seconds": 119.550423, "predict_seconds": 0.001001}