{"fit_seconds": 121.550936, "predict_seconds": 0.114007}