{"fit_seconds": 136.09242, "predict_seconds": 0.20804}