{"fit_seconds": 121.946877, "predict_seconds": 0.010002}