{"fit_seconds": 120.295366, "predict_seconds": 0.001001}