{"fit_seconds": 120.739177, "predict_seconds": 0.019014}