{"fit_seconds": 127.24428, "predict_seconds": 0.096506}