{"fit_seconds": 125.342116, "predict_seconds": 0.108989}