{"fit_seconds": 120.317356, "predict_seconds": 0.002001}