{"fit_seconds": 119.933789, "predict_seconds": 0.02301}