{"fit_seconds": 119.693447, "predict_seconds": 0.023053}