{"fit_seconds": 120.028324, "predict_seconds": 0.020007}