{"fit_seconds": 128.644542, "predict_seconds": 0.109618}