{"fit_seconds": 131.39475, "predict_seconds": 0.096576}