{"fit_seconds": 120.009703, "predict_seconds": 0.002001}