{"fit_seconds": 131.066347, "predict_seconds": 0.095085}