{"fit_seconds": 120.665767, "predict_seconds": 0.085865}