{"fit_seconds": 120.660008, "predict_seconds": 0.096206}