{"fit_seconds": 120.477354, "predict_seconds": 0.002001}