{"fit_seconds": 120.509063, "predict_seconds": 0.111825}