{"fit_seconds": 120.397135, "predict_seconds": 0.001001}