{"fit_seconds": 120.324536, "predict_seconds": 0.002001}