{"fit_seconds": 122.602656, "predict_seconds": 0.096235}