{"fit_seconds": 129.780549, "predict_seconds": 0.002001}