{"fit_seconds": 120.278222, "predict_seconds": 0.002001}