{"fit_seconds": 196.344692, "predict_seconds": 0.089052}