{"fit_seconds": 135.186701, "predict_seconds": 0.090186}