{"fit_seconds": 137.877116, "predict_seconds": 0.090034}