{"fit_seconds": 163.479222, "predict_seconds": 0.085012}