{"fit_seconds": 110.457093, "predict_seconds": 0.002001}