{"fit_seconds": 132.552272, "predict_seconds": 0.085299}