{"fit_seconds": 122.341331, "predict_seconds": 0.002002}