{"fit_seconds": 138.817107, "predict_seconds": 0.089939}