{"fit_seconds": 161.31973, "predict_seconds": 0.084011}