{"fit_seconds": 169.671681, "predict_seconds": 0.097007}