{"fit_seconds": 154.528409, "predict_seconds": 0.091006}