{"fit_seconds": 159.236422, "predict_seconds": 0.098621}