{"fit_seconds": 149.958052, "predict_seconds": 0.087598}