{"fit_seconds": 120.124039, "predict_seconds": 0.002001}