{"fit_seconds": 174.534588, "predict_seconds": 0.094123}