{"fit_seconds": 119.844872, "predict_seconds": 0.001001}