{"fit_seconds": 156.936731, "predict_seconds": 0.140032}