{"fit_seconds": 150.340263, "predict_seconds": 0.094044}