{"fit_seconds": 157.352693, "predict_seconds": 0.094034}