{"fit_seconds": 135.330518, "predict_seconds": 0.091029}