{"fit_seconds": 120.572401, "predict_seconds": 0.003001}