{"fit_seconds": 120.681595, "predict_seconds": 0.001001}