{"fit_seconds": 119.905488, "predict_seconds": 0.002001}