{"fit_seconds": 161.44346, "predict_seconds": 0.092035}