{"fit_seconds": 120.234431, "predict_seconds": 0.000996}