{"fit_seconds": 155.694828, "predict_seconds": 0.085812}