{"fit_seconds": 163.774601, "predict_seconds": 0.099998}