{"fit_seconds": 120.756828, "predict_seconds": 0.002001}