{"fit_seconds": 172.461655, "predict_seconds": 0.083634}