{"fit_seconds": 192.114502, "predict_seconds": 0.083407}