{"fit_seconds": 120.176818, "predict_seconds": 0.001001}