{"fit_seconds": 121.269632, "predict_seconds": 0.001001}