{"fit_seconds": 120.08678, "predict_seconds": 0.001001}