{"fit_seconds": 120.158366, "predict_seconds": 0.003001}