{"fit_seconds": 193.249449, "predict_seconds": 0.110012}