{"fit_seconds": 156.48188, "predict_seconds": 0.085052}