{"fit_seconds": 200.866075, "predict_seconds": 0.098068}