{"fit_seconds": 188.470142, "predict_seconds": 0.086862}