{"fit_seconds": 147.998303, "predict_seconds": 0.094006}