{"fit_seconds": 120.370559, "predict_seconds": 0.001001}