{"fit_seconds": 134.085631, "predict_seconds": 0.106007}