{"fit_seconds": 119.797093, "predict_seconds": 0.001001}