{"fit_seconds": 120.492389, "predict_seconds": 0.002001}