{"fit_seconds": 162.022315, "predict_seconds": 0.088031}