{"fit_seconds": 162.269081, "predict_seconds": 0.087054}