{"fit_seconds": 189.704361, "predict_seconds": 0.085046}