{"fit_seconds": 161.297136, "predict_seconds": 0.096702}