{"fit_seconds": 175.913854, "predict_seconds": 0.096596}