{"fit_seconds": 120.773244, "predict_seconds": 0.002001}