{"fit_seconds": 119.716522, "predict_seconds": 0.002001}