{"fit_seconds": 119.988148, "predict_seconds": 0.001001}