{"fit_seconds": 119.761221, "predict_seconds": 0.002001}