{"fit_seconds": 121.615971, "predict_seconds": 0.002001}