{"fit_seconds": 120.700636, "predict_seconds": 0.003001}