{"fit_seconds": 121.268364, "predict_seconds": 0.095299}