{"fit_seconds": 120.049317, "predict_seconds": 0.002001}