{"fit_seconds": 120.984333, "predict_seconds": 0.096902}