{"fit_seconds": 120.125817, "predict_seconds": 0.001001}