{"fit_seconds": 120.147714, "predict_seconds": 0.002001}