{"fit_seconds": 119.857698, "predict_seconds": 0.002001}