{"fit_seconds": 146.062184, "predict_seconds": 0.086512}