{"fit_seconds": 182.412537, "predict_seconds": 0.086041}