{"fit_seconds": 119.984044, "predict_seconds": 0.001001}