{"fit_seconds": 186.412572, "predict_seconds": 0.08503}