{"fit_seconds": 191.069675, "predict_seconds": 0.086294}