{"fit_seconds": 195.01785, "predict_seconds": 0.085027}