{"fit_seconds": 180.280018, "predict_seconds": 0.092971}