{"fit_seconds": 120.274035, "predict_seconds": 0.001001}