{"fit_seconds": 131.894104, "predict_seconds": 0.098191}