{"fit_seconds": 156.075247, "predict_seconds": 0.095009}