{"fit_seconds": 150.900534, "predict_seconds": 0.093694}