{"fit_seconds": 174.715109, "predict_seconds": 0.117486}