{"fit_seconds": 120.033074, "predict_seconds": 0.001001}