{"fit_seconds": 135.739301, "predict_seconds": 0.091793}