{"fit_seconds": 144.742627, "predict_seconds": 0.111232}