{"fit_seconds": 120.358438, "predict_seconds": 0.000999}