{"fit_seconds": 193.958559, "predict_seconds": 0.098835}