{"fit_seconds": 196.912426, "predict_seconds": 0.096027}