{"fit_seconds": 171.167322, "predict_seconds": 0.087338}