{"fit_seconds": 271.690133, "predict_seconds": 0.194852}