{"fit_seconds": 120.885188, "predict_seconds": 0.002001}