{"fit_seconds": 120.494223, "predict_seconds": 0.001001}