{"fit_seconds": 119.857232, "predict_seconds": 0.001001}