{"fit_seconds": 119.997457, "predict_seconds": 0.002001}