{"fit_seconds": 120.900751, "predict_seconds": 0.115413}