{"fit_seconds": 120.634031, "predict_seconds": 0.02401}