{"fit_seconds": 122.118515, "predict_seconds": 0.100318}