{"fit_seconds": 120.645453, "predict_seconds": 0.002001}