{"fit_seconds": 120.107294, "predict_seconds": 0.002001}