{"fit_seconds": 122.315837, "predict_seconds": 0.017987}