{"fit_seconds": 120.208978, "predict_seconds": 0.002001}