{"fit_seconds": 120.581192, "predict_seconds": 0.002001}