{"fit_seconds": 120.126718, "predict_seconds": 0.020608}