{"fit_seconds": 120.102292, "predict_seconds": 0.019482}