{"fit_seconds": 120.336397, "predict_seconds": 0.019269}