{"fit_seconds": 120.225185, "predict_seconds": 0.018004}