{"fit_seconds": 120.405465, "predict_seconds": 0.021014}