{"fit_seconds": 120.156524, "predict_seconds": 0.001001}