{"fit_seconds": 120.493877, "predict_seconds": 0.001001}