{"fit_seconds": 121.193578, "predict_seconds": 0.083126}