{"fit_seconds": 120.684365, "predict_seconds": 0.021261}