{"fit_seconds": 119.920051, "predict_seconds": 0.021013}