{"fit_seconds": 113.980545, "predict_seconds": 0.019603}