{"fit_seconds": 120.840498, "predict_seconds": 0.116068}