{"fit_seconds": 120.53103, "predict_seconds": 0.002001}