{"fit_seconds": 119.822301, "predict_seconds": 0.001001}