{"fit_seconds": 119.536806, "predict_seconds": 0.001001}