{"fit_seconds": 120.487038, "predict_seconds": 0.001001}