{"fit_seconds": 119.34988, "predict_seconds": 0.001001}