{"fit_seconds": 105.500136, "predict_seconds": 0.000999}