{"fit_seconds": 120.401992, "predict_seconds": 0.003001}