{"fit_seconds": 131.961091, "predict_seconds": 0.001999}