{"fit_seconds": 120.145478, "predict_seconds": 0.001001}