{"fit_seconds": 119.786816, "predict_seconds": 0.001001}