{"fit_seconds": 147.075517, "predict_seconds": 0.002002}