{"fit_seconds": 119.474235, "predict_seconds": 0.001001}