{"fit_seconds": 119.729704, "predict_seconds": 0.002001}