{"fit_seconds": 119.585809, "predict_seconds": 0.000508}