{"fit_seconds": 120.027384, "predict_seconds": 0.001001}