{"fit_seconds": 119.757027, "predict_seconds": 0.002001}