{"fit_seconds": 121.637862, "predict_seconds": 0.001001}