{"fit_seconds": 124.159756, "predict_seconds": 0.002001}