{"fit_seconds": 119.863606, "predict_seconds": 0.001001}