{"fit_seconds": 120.105623, "predict_seconds": 0.002001}