{"fit_seconds": 117.222965, "predict_seconds": 0.002001}