{"fit_seconds": 120.220384, "predict_seconds": 0.001001}