{"fit_seconds": 119.954917, "predict_seconds": 0.001001}