{"fit_seconds": 122.875641, "predict_seconds": 0.001001}