{"fit_seconds": 119.957434, "predict_seconds": 0.001001}