{"fit_seconds": 142.139536, "predict_seconds": 0.003001}