{"fit_seconds": 120.216154, "predict_seconds": 0.001001}