{"fit_seconds": 120.114969, "predict_seconds": 0.001001}