{"fit_seconds": 119.893485, "predict_seconds": 0.002001}