{"fit_seconds": 120.187768, "predict_seconds": 0.002001}