{"fit_seconds": 120.165604, "predict_seconds": 0.002001}