{"fit_seconds": 120.120366, "predict_seconds": 0.003001}