{"fit_seconds": 119.466328, "predict_seconds": 0.00102}