{"fit_seconds": 128.003321, "predict_seconds": 0.027006}