{"fit_seconds": 120.161966, "predict_seconds": 0.001036}