{"fit_seconds": 119.810451, "predict_seconds": 0.002001}