{"fit_seconds": 120.083828, "predict_seconds": 0.001001}