{"fit_seconds": 123.125431, "predict_seconds": 0.001001}