{"fit_seconds": 119.948761, "predict_seconds": 0.001001}