{"fit_seconds": 119.346416, "predict_seconds": 0.002001}