{"fit_seconds": 130.13081, "predict_seconds": 0.027006}