{"fit_seconds": 121.79955, "predict_seconds": 0.001024}