{"fit_seconds": 119.402356, "predict_seconds": 0.000998}