{"fit_seconds": 119.412372, "predict_seconds": 0.001001}