{"fit_seconds": 136.98157, "predict_seconds": 0.002001}