{"fit_seconds": 120.057524, "predict_seconds": 0.001001}