{"fit_seconds": 120.041192, "predict_seconds": 0.001001}