{"fit_seconds": 119.607395, "predict_seconds": 0.001025}