{"fit_seconds": 120.430728, "predict_seconds": 0.000999}