{"fit_seconds": 119.56959, "predict_seconds": 0.001999}