{"fit_seconds": 119.673718, "predict_seconds": 0.000999}