{"fit_seconds": 119.819127, "predict_seconds": 0.001001}