{"fit_seconds": 119.854483, "predict_seconds": 0.002001}