{"fit_seconds": 119.633134, "predict_seconds": 0.002001}