{"fit_seconds": 120.223082, "predict_seconds": 0.003001}