{"fit_seconds": 119.793513, "predict_seconds": 0.027006}