{"fit_seconds": 119.683657, "predict_seconds": 0.003016}