{"fit_seconds": 133.645512, "predict_seconds": 0.036039}