{"fit_seconds": 120.400925, "predict_seconds": 0.007001}