{"fit_seconds": 119.538579, "predict_seconds": 0.006001}