{"fit_seconds": 120.193671, "predict_seconds": 0.001022}