{"fit_seconds": 119.397489, "predict_seconds": 0.003001}