{"fit_seconds": 119.680536, "predict_seconds": 0.001001}