{"fit_seconds": 119.62316, "predict_seconds": 0.000999}