{"fit_seconds": 119.686566, "predict_seconds": 0.000999}