{"fit_seconds": 120.111527, "predict_seconds": 0.002001}