{"fit_seconds": 119.359576, "predict_seconds": 0.002001}