{"fit_seconds": 120.367367, "predict_seconds": 0.003001}