{"fit_seconds": 119.565641, "predict_seconds": 0.002016}