{"fit_seconds": 157.98212, "predict_seconds": 0.034008}