{"fit_seconds": 120.768671, "predict_seconds": 0.000999}