{"fit_seconds": 119.902275, "predict_seconds": 0.003001}