{"fit_seconds": 119.490347, "predict_seconds": 0.002001}