{"fit_seconds": 119.655603, "predict_seconds": 0.002021}