{"fit_seconds": 120.479942, "predict_seconds": 0.013003}