{"fit_seconds": 119.57442, "predict_seconds": 0.000999}