{"fit_seconds": 119.533307, "predict_seconds": 0.002001}