{"fit_seconds": 120.060616, "predict_seconds": 0.002001}