{"fit_seconds": 120.052696, "predict_seconds": 0.00202}