{"fit_seconds": 119.389629, "predict_seconds": 0.001001}