{"fit_seconds": 119.575465, "predict_seconds": 0.002001}