{"fit_seconds": 135.775214, "predict_seconds": 0.034008}