{"fit_seconds": 120.254366, "predict_seconds": 0.001023}