{"fit_seconds": 119.536839, "predict_seconds": 0.002078}