{"fit_seconds": 119.628242, "predict_seconds": 0.002001}