{"fit_seconds": 120.173313, "predict_seconds": 0.000999}