{"fit_seconds": 119.94422, "predict_seconds": 0.003001}