{"fit_seconds": 119.549625, "predict_seconds": 0.001001}