{"fit_seconds": 134.866437, "predict_seconds": 0.034008}