{"fit_seconds": 119.359199, "predict_seconds": 0.002001}