{"fit_seconds": 120.967642, "predict_seconds": 0.002001}