{"fit_seconds": 120.162436, "predict_seconds": 0.000521}