{"fit_seconds": 132.895122, "predict_seconds": 0.031007}