{"fit_seconds": 120.04606, "predict_seconds": 0.002001}