{"fit_seconds": 120.065562, "predict_seconds": 0.001001}