{"fit_seconds": 121.54381, "predict_seconds": 0.035008}