{"fit_seconds": 119.904305, "predict_seconds": 0.002001}