{"fit_seconds": 120.20701, "predict_seconds": 0.002034}