{"fit_seconds": 119.766989, "predict_seconds": 0.001022}