{"fit_seconds": 119.959414, "predict_seconds": 0.002036}