{"fit_seconds": 119.531494, "predict_seconds": 0.001001}