{"fit_seconds": 120.271737, "predict_seconds": 0.001999}