{"fit_seconds": 119.639596, "predict_seconds": 0.001001}