{"fit_seconds": 119.543391, "predict_seconds": 0.001001}