{"fit_seconds": 121.346082, "predict_seconds": 0.026006}