{"fit_seconds": 120.465992, "predict_seconds": 0.003001}