{"fit_seconds": 121.957962, "predict_seconds": 0.029006}