{"fit_seconds": 119.531933, "predict_seconds": 0.001001}