{"fit_seconds": 119.869193, "predict_seconds": 0.001001}