{"fit_seconds": 119.674247, "predict_seconds": 0.001001}