{"fit_seconds": 120.23943, "predict_seconds": 0.001001}