{"fit_seconds": 119.818108, "predict_seconds": 0.001981}