{"fit_seconds": 120.245518, "predict_seconds": 0.002023}