{"fit_seconds": 120.002009, "predict_seconds": 0.001001}