{"fit_seconds": 119.48489, "predict_seconds": 0.002017}