{"fit_seconds": 121.739841, "predict_seconds": 0.003001}