{"fit_seconds": 117.319011, "predict_seconds": 0.005001}