{"fit_seconds": 119.516131, "predict_seconds": 0.002001}