{"fit_seconds": 120.601228, "predict_seconds": 0.011035}