{"fit_seconds": 120.203213, "predict_seconds": 0.000999}