{"fit_seconds": 119.818562, "predict_seconds": 0.002001}