{"fit_seconds": 120.722246, "predict_seconds": 0.017003}