{"fit_seconds": 122.546186, "predict_seconds": 0.002001}