{"fit_seconds": 119.692814, "predict_seconds": 0.001024}