{"fit_seconds": 119.369202, "predict_seconds": 0.002001}