{"fit_seconds": 120.094772, "predict_seconds": 0.001001}