{"fit_seconds": 119.947579, "predict_seconds": 0.001001}