{"fit_seconds": 119.496228, "predict_seconds": 0.002001}