{"fit_seconds": 121.509707, "predict_seconds": 0.002001}