{"fit_seconds": 136.644283, "predict_seconds": 0.04301}