{"fit_seconds": 119.481224, "predict_seconds": 0.003001}