{"fit_seconds": 119.965358, "predict_seconds": 0.001001}