{"fit_seconds": 120.428317, "predict_seconds": 0.010003}