{"fit_seconds": 119.728653, "predict_seconds": 0.002001}