{"fit_seconds": 120.09846, "predict_seconds": 0.003001}