{"fit_seconds": 111.834305, "predict_seconds": 0.003001}