{"fit_seconds": 119.707227, "predict_seconds": 0.002001}