{"fit_seconds": 120.115069, "predict_seconds": 0.001001}