{"fit_seconds": 121.070035, "predict_seconds": 0.016004}