{"fit_seconds": 119.928544, "predict_seconds": 0.001001}