{"fit_seconds": 119.960539, "predict_seconds": 0.002001}