{"fit_seconds": 120.189536, "predict_seconds": 0.001001}