{"fit_seconds": 121.246484, "predict_seconds": 0.002001}