{"fit_seconds": 119.912072, "predict_seconds": 0.002022}