{"fit_seconds": 119.958285, "predict_seconds": 0.001019}