{"fit_seconds": 114.152953, "predict_seconds": 0.002001}