{"fit_seconds": 120.283272, "predict_seconds": 0.001018}