{"fit_seconds": 119.986709, "predict_seconds": 0.001001}