{"fit_seconds": 119.503602, "predict_seconds": 0.002001}