{"fit_seconds": 119.911415, "predict_seconds": 0.001024}