{"fit_seconds": 119.543188, "predict_seconds": 0.001022}