{"fit_seconds": 119.842323, "predict_seconds": 0.001027}