{"fit_seconds": 119.725343, "predict_seconds": 0.001001}