{"fit_seconds": 119.36768, "predict_seconds": 0.001982}