{"fit_seconds": 119.345776, "predict_seconds": 0.001002}