{"fit_seconds": 119.732716, "predict_seconds": 0.001001}