{"fit_seconds": 120.327108, "predict_seconds": 0.001001}