{"fit_seconds": 117.750505, "predict_seconds": 0.001001}