{"fit_seconds": 119.448433, "predict_seconds": 0.001001}