{"fit_seconds": 120.322412, "predict_seconds": 0.002001}