{"fit_seconds": 120.073482, "predict_seconds": 0.001001}