{"fit_seconds": 119.782905, "predict_seconds": 0.001001}