{"fit_seconds": 119.456604, "predict_seconds": 0.000996}