{"fit_seconds": 119.706048, "predict_seconds": 0.001001}