{"fit_seconds": 153.714058, "predict_seconds": 0.025027}