{"fit_seconds": 120.16373, "predict_seconds": 0.000999}