{"fit_seconds": 118.733603, "predict_seconds": 0.001758}