{"fit_seconds": 119.285465, "predict_seconds": 0.001024}