{"fit_seconds": 121.533461, "predict_seconds": 0.002001}