{"fit_seconds": 120.074681, "predict_seconds": 0.000995}