{"fit_seconds": 120.025694, "predict_seconds": 0.001999}