{"fit_seconds": 119.604608, "predict_seconds": 0.001001}