{"fit_seconds": 121.364017, "predict_seconds": 0.002001}