{"fit_seconds": 171.139308, "predict_seconds": 0.025007}