{"fit_seconds": 135.905567, "predict_seconds": 0.026005}