{"fit_seconds": 121.110606, "predict_seconds": 0.001999}