{"fit_seconds": 119.348443, "predict_seconds": 0.001001}