{"fit_seconds": 119.902866, "predict_seconds": 0.002001}