{"fit_seconds": 119.533286, "predict_seconds": 0.001026}