{"fit_seconds": 120.866434, "predict_seconds": 0.002001}