{"fit_seconds": 121.49238, "predict_seconds": 0.003001}