{"fit_seconds": 119.764052, "predict_seconds": 0.001001}