{"fit_seconds": 119.830073, "predict_seconds": 0.001001}