{"fit_seconds": 119.683283, "predict_seconds": 0.002001}