{"fit_seconds": 119.692943, "predict_seconds": 0.001526}