{"fit_seconds": 119.919221, "predict_seconds": 0.001999}