{"fit_seconds": 120.28453, "predict_seconds": 0.001001}