{"fit_seconds": 120.194214, "predict_seconds": 0.001001}