{"fit_seconds": 118.035194, "predict_seconds": 0.003001}