{"fit_seconds": 119.444083, "predict_seconds": 0.001001}