{"fit_seconds": 119.47676, "predict_seconds": 0.001018}