{"fit_seconds": 120.120592, "predict_seconds": 0.002001}