{"fit_seconds": 119.673398, "predict_seconds": 0.003001}