{"fit_seconds": 120.862827, "predict_seconds": 0.003001}