{"fit_seconds": 120.200358, "predict_seconds": 0.003001}