{"fit_seconds": 119.522526, "predict_seconds": 0.002001}