{"fit_seconds": 119.484408, "predict_seconds": 0.002001}