{"fit_seconds": 119.574306, "predict_seconds": 0.004001}