{"fit_seconds": 130.684663, "predict_seconds": 0.027006}