{"fit_seconds": 119.478189, "predict_seconds": 0.001001}