{"fit_seconds": 119.708606, "predict_seconds": 0.001001}