{"fit_seconds": 119.406067, "predict_seconds": 0.003001}