{"fit_seconds": 119.660138, "predict_seconds": 0.002001}