{"fit_seconds": 119.504865, "predict_seconds": 0.001001}