{"fit_seconds": 119.730052, "predict_seconds": 0.000994}