{"fit_seconds": 119.780337, "predict_seconds": 0.002001}