{"fit_seconds": 120.066515, "predict_seconds": 0.001001}