{"fit_seconds": 119.668106, "predict_seconds": 0.000999}