{"fit_seconds": 119.770505, "predict_seconds": 0.001083}