{"fit_seconds": 119.471498, "predict_seconds": 0.002001}