{"fit_seconds": 119.461674, "predict_seconds": 0.001001}