{"fit_seconds": 126.318162, "predict_seconds": 0.001001}