{"fit_seconds": 119.552248, "predict_seconds": 0.001014}