{"fit_seconds": 120.106772, "predict_seconds": 0.001502}