{"fit_seconds": 119.623619, "predict_seconds": 0.001001}