{"fit_seconds": 120.278723, "predict_seconds": 0.001001}