{"fit_seconds": 120.044183, "predict_seconds": 0.002001}