{"fit_seconds": 120.192841, "predict_seconds": 0.002001}