{"fit_seconds": 120.064227, "predict_seconds": 0.001001}