{"fit_seconds": 119.378048, "predict_seconds": 0.002001}