{"fit_seconds": 120.24706, "predict_seconds": 0.000996}