{"fit_seconds": 119.390768, "predict_seconds": 0.001001}