{"fit_seconds": 120.253356, "predict_seconds": 0.001286}