{"fit_seconds": 120.334813, "predict_seconds": 0.013005}