{"fit_seconds": 120.330421, "predict_seconds": 0.002002}