{"fit_seconds": 119.388641, "predict_seconds": 0.008006}