{"fit_seconds": 141.26218, "predict_seconds": 0.008991}