{"fit_seconds": 139.056528, "predict_seconds": 0.007002}