{"fit_seconds": 152.990366, "predict_seconds": 0.02801}