{"fit_seconds": 100.307445, "predict_seconds": 0.006009}