{"fit_seconds": 123.141212, "predict_seconds": 0.003009}