{"fit_seconds": 123.923791, "predict_seconds": 0.002989}