{"fit_seconds": 111.037752, "predict_seconds": 0.04901}