{"fit_seconds": 117.626757, "predict_seconds": 0.002002}