{"fit_seconds": 107.480832, "predict_seconds": 0.002002}