{"fit_seconds": 160.582781, "predict_seconds": 0.011005}