{"fit_seconds": 103.45955, "predict_seconds": 0.038009}