{"fit_seconds": 129.400524, "predict_seconds": 0.012004}