{"fit_seconds": 103.702296, "predict_seconds": 0.002994}