{"fit_seconds": 173.350306, "predict_seconds": 0.003007}