{"fit_seconds": 124.00023, "predict_seconds": 0.002001}