{"fit_seconds": 124.04669, "predict_seconds": 0.003109}