{"fit_seconds": 127.128282, "predict_seconds": 0.003002}