{"fit_seconds": 146.941171, "predict_seconds": 0.001001}