{"fit_seconds": 2.465542, "predict_seconds": 0.004004}