{"fit_seconds": 131.907096, "predict_seconds": 0.003005}