{"fit_seconds": 142.643763, "predict_seconds": 0.002002}