{"fit_seconds": 104.222085, "predict_seconds": 0.003008}