{"fit_seconds": 145.118993, "predict_seconds": 0.007002}