{"fit_seconds": 117.170078, "predict_seconds": 0.001002}