{"fit_seconds": 117.993523, "predict_seconds": 0.001998}