{"fit_seconds": 126.087758, "predict_seconds": 0.004002}