{"fit_seconds": 111.590163, "predict_seconds": 0.001001}