{"fit_seconds": 123.521879, "predict_seconds": 0.006006}