{"fit_seconds": 120.755595, "predict_seconds": 0.002008}