{"fit_seconds": 114.926301, "predict_seconds": 0.003003}