{"fit_seconds": 110.950007, "predict_seconds": 0.00901}