{"fit_seconds": 164.531997, "predict_seconds": 0.008002}