{"fit_seconds": 121.321999, "predict_seconds": 0.005001}