{"fit_seconds": 117.66276, "predict_seconds": 0.003002}