{"fit_seconds": 112.315143, "predict_seconds": 0.002002}