{"fit_seconds": 147.439146, "predict_seconds": 0.004002}