{"fit_seconds": 110.881874, "predict_seconds": 0.008009}