{"fit_seconds": 117.509783, "predict_seconds": 0.002002}