{"fit_seconds": 99.13414, "predict_seconds": 0.003001}