{"fit_seconds": 112.796315, "predict_seconds": 0.003003}