{"fit_seconds": 124.830325, "predict_seconds": 0.004002}