{"fit_seconds": 127.264829, "predict_seconds": 0.002988}