{"fit_seconds": 95.893138, "predict_seconds": 0.008514}