{"fit_seconds": 112.145395, "predict_seconds": 0.003002}