{"fit_seconds": 100.461089, "predict_seconds": 0.007988}