{"fit_seconds": 122.339361, "predict_seconds": 0.002001}