{"fit_seconds": 102.952802, "predict_seconds": 0.003009}