{"fit_seconds": 162.096794, "predict_seconds": 0.003009}