{"fit_seconds": 121.933726, "predict_seconds": 0.002002}