{"fit_seconds": 144.70084, "predict_seconds": 0.004016}