{"fit_seconds": 108.863035, "predict_seconds": 0.003002}