{"fit_seconds": 143.774417, "predict_seconds": 0.002007}