{"fit_seconds": 101.580916, "predict_seconds": 0.005004}