{"fit_seconds": 122.990515, "predict_seconds": 0.001507}