{"fit_seconds": 140.729247, "predict_seconds": 0.002003}