{"fit_seconds": 94.031014, "predict_seconds": 0.002007}