{"fit_seconds": 149.429287, "predict_seconds": 0.001001}