{"fit_seconds": 117.823293, "predict_seconds": 0.003001}