{"fit_seconds": 105.188863, "predict_seconds": 0.001996}