{"fit_seconds": 140.351815, "predict_seconds": 0.003002}