{"fit_seconds": 140.900813, "predict_seconds": 0.002004}