{"fit_seconds": 136.59089, "predict_seconds": 0.007004}