{"fit_seconds": 93.910681, "predict_seconds": 0.002007}