{"fit_seconds": 139.718409, "predict_seconds": 0.003137}