{"fit_seconds": 105.642751, "predict_seconds": 0.003002}