{"fit_seconds": 94.008784, "predict_seconds": 0.003007}