{"fit_seconds": 149.463451, "predict_seconds": 0.002002}