{"fit_seconds": 141.519273, "predict_seconds": 0.003004}