{"fit_seconds": 100.993386, "predict_seconds": 0.003001}