{"fit_seconds": 93.230528, "predict_seconds": 0.003002}