{"fit_seconds": 131.01797, "predict_seconds": 0.002985}