{"fit_seconds": 120.705757, "predict_seconds": 0.007002}