{"fit_seconds": 108.870737, "predict_seconds": 0.006003}