{"fit_seconds": 127.929294, "predict_seconds": 0.048999}