{"fit_seconds": 116.63592, "predict_seconds": 0.008005}