{"fit_seconds": 109.88423, "predict_seconds": 0.006002}