{"fit_seconds": 125.959331, "predict_seconds": 0.005001}