{"fit_seconds": 150.759726, "predict_seconds": 0.041014}