{"fit_seconds": 125.284468, "predict_seconds": 0.003001}