{"fit_seconds": 129.482577, "predict_seconds": 0.006004}