{"fit_seconds": 112.837639, "predict_seconds": 0.07002}