{"fit_seconds": 109.468612, "predict_seconds": 0.002016}