{"fit_seconds": 129.253877, "predict_seconds": 0.003021}