{"fit_seconds": 125.213885, "predict_seconds": 0.003998}