{"fit_seconds": 127.936079, "predict_seconds": 0.002011}