{"fit_seconds": 128.828604, "predict_seconds": 0.003002}