{"fit_seconds": 107.226937, "predict_seconds": 0.001001}