{"fit_seconds": 96.746885, "predict_seconds": 0.002001}