{"fit_seconds": 126.238842, "predict_seconds": 0.003001}