{"fit_seconds": 2.543949, "predict_seconds": 0.007004}