{"fit_seconds": 144.877578, "predict_seconds": 0.002009}