{"fit_seconds": 139.78205, "predict_seconds": 0.002003}