{"fit_seconds": 135.522206, "predict_seconds": 0.003003}