{"fit_seconds": 103.233043, "predict_seconds": 0.003014}