{"fit_seconds": 106.43871, "predict_seconds": 0.001006}