{"fit_seconds": 97.207364, "predict_seconds": 0.008006}