{"fit_seconds": 94.877349, "predict_seconds": 0.001002}