{"fit_seconds": 147.736493, "predict_seconds": 0.002013}