{"fit_seconds": 150.238464, "predict_seconds": 0.031007}