{"fit_seconds": 124.070435, "predict_seconds": 0.002004}