{"fit_seconds": 97.724858, "predict_seconds": 0.007988}