{"fit_seconds": 129.930226, "predict_seconds": 0.008003}