{"fit_seconds": 115.156503, "predict_seconds": 0.001005}