{"fit_seconds": 100.319415, "predict_seconds": 0.034006}