{"fit_seconds": 125.000299, "predict_seconds": 0.008003}