{"fit_seconds": 117.486404, "predict_seconds": 0.002001}