{"fit_seconds": 114.106471, "predict_seconds": 0.003015}