{"fit_seconds": 129.524511, "predict_seconds": 0.011005}