{"fit_seconds": 111.003044, "predict_seconds": 0.003004}