{"fit_seconds": 87.651176, "predict_seconds": 0.00301}