{"fit_seconds": 120.790657, "predict_seconds": 0.003001}