{"fit_seconds": 109.927598, "predict_seconds": 0.002999}