{"fit_seconds": 121.621179, "predict_seconds": 0.004003}