{"fit_seconds": 130.790154, "predict_seconds": 0.014005}