{"fit_seconds": 126.72568, "predict_seconds": 0.002002}