{"fit_seconds": 137.228277, "predict_seconds": 0.002001}