{"fit_seconds": 127.581623, "predict_seconds": 0.005002}