{"fit_seconds": 115.637416, "predict_seconds": 0.011008}