{"fit_seconds": 108.405269, "predict_seconds": 0.003001}