{"fit_seconds": 116.41325, "predict_seconds": 0.051016}