{"fit_seconds": 115.147961, "predict_seconds": 0.001995}