{"fit_seconds": 122.335025, "predict_seconds": 0.002002}