{"fit_seconds": 134.030484, "predict_seconds": 0.005002}