{"fit_seconds": 128.971682, "predict_seconds": 0.007001}