{"fit_seconds": 129.287275, "predict_seconds": 0.002002}