{"fit_seconds": 129.475535, "predict_seconds": 0.001001}