{"fit_seconds": 129.461227, "predict_seconds": 0.002004}