{"fit_seconds": 134.836022, "predict_seconds": 0.001001}