{"fit_seconds": 118.634095, "predict_seconds": 0.001002}