{"fit_seconds": 138.481424, "predict_seconds": 0.002004}