{"fit_seconds": 104.132705, "predict_seconds": 0.001999}