{"fit_seconds": 117.451187, "predict_seconds": 0.002002}