{"fit_seconds": 125.055257, "predict_seconds": 0.002003}