{"fit_seconds": 136.583451, "predict_seconds": 0.004009}