{"fit_seconds": 127.430122, "predict_seconds": 0.010002}