{"fit_seconds": 115.314235, "predict_seconds": 0.053009}