{"fit_seconds": 127.379214, "predict_seconds": 0.005004}