{"fit_seconds": 120.580064, "predict_seconds": 0.003004}