{"fit_seconds": 118.099354, "predict_seconds": 0.002049}