{"fit_seconds": 110.288991, "predict_seconds": 0.008003}