{"fit_seconds": 119.931476, "predict_seconds": 0.003005}