{"fit_seconds": 123.864023, "predict_seconds": 0.052005}