{"fit_seconds": 122.224339, "predict_seconds": 0.003002}