{"fit_seconds": 123.703585, "predict_seconds": 0.002007}