{"fit_seconds": 116.27014, "predict_seconds": 0.003986}