{"fit_seconds": 119.500947, "predict_seconds": 0.003001}