{"fit_seconds": 129.159625, "predict_seconds": 0.004001}