{"fit_seconds": 110.545239, "predict_seconds": 0.003004}