{"fit_seconds": 131.827487, "predict_seconds": 0.009001}