{"fit_seconds": 108.219674, "predict_seconds": 0.002001}