{"fit_seconds": 122.826897, "predict_seconds": 0.00199}