{"fit_seconds": 107.262234, "predict_seconds": 0.007005}