{"fit_seconds": 129.533727, "predict_seconds": 0.002002}