{"fit_seconds": 108.78374, "predict_seconds": 0.002001}