{"fit_seconds": 126.232926, "predict_seconds": 0.001001}