{"fit_seconds": 119.84077, "predict_seconds": 0.001998}