{"fit_seconds": 116.519347, "predict_seconds": 0.001001}