{"fit_seconds": 122.980542, "predict_seconds": 0.051011}