{"fit_seconds": 133.643922, "predict_seconds": 0.001994}