{"fit_seconds": 127.763992, "predict_seconds": 0.001001}