{"fit_seconds": 106.497307, "predict_seconds": 0.004004}