{"fit_seconds": 118.615242, "predict_seconds": 0.003996}