{"fit_seconds": 125.701014, "predict_seconds": 0.001003}