{"fit_seconds": 109.529571, "predict_seconds": 0.009004}