{"fit_seconds": 112.385213, "predict_seconds": 0.003001}