{"fit_seconds": 109.864963, "predict_seconds": 0.052011}