{"fit_seconds": 131.096033, "predict_seconds": 0.053372}