{"fit_seconds": 119.683602, "predict_seconds": 0.052011}