{"fit_seconds": 112.664893, "predict_seconds": 0.003002}