{"fit_seconds": 109.624292, "predict_seconds": 0.002002}