{"fit_seconds": 126.280359, "predict_seconds": 0.001992}