{"fit_seconds": 110.984934, "predict_seconds": 0.00301}