{"fit_seconds": 114.45614, "predict_seconds": 0.002001}