{"fit_seconds": 117.852263, "predict_seconds": 0.002991}