{"fit_seconds": 124.335051, "predict_seconds": 0.014003}