{"fit_seconds": 107.308455, "predict_seconds": 0.003002}