{"fit_seconds": 134.179423, "predict_seconds": 0.002002}