{"fit_seconds": 119.21061, "predict_seconds": 0.001996}