{"fit_seconds": 109.287063, "predict_seconds": 0.002997}