{"fit_seconds": 109.196473, "predict_seconds": 0.002001}