{"fit_seconds": 131.751423, "predict_seconds": 0.004001}