{"fit_seconds": 134.957396, "predict_seconds": 0.002002}