{"fit_seconds": 124.231535, "predict_seconds": 0.005002}