{"fit_seconds": 143.011533, "predict_seconds": 0.004002}