{"fit_seconds": 115.526198, "predict_seconds": 0.010998}