{"fit_seconds": 119.350061, "predict_seconds": 0.001001}