{"fit_seconds": 127.543729, "predict_seconds": 0.005001}