{"fit_seconds": 127.816253, "predict_seconds": 0.005001}