{"fit_seconds": 121.460876, "predict_seconds": 0.005002}