{"fit_seconds": 126.587944, "predict_seconds": 0.002001}