{"fit_seconds": 113.620701, "predict_seconds": 0.002001}