{"fit_seconds": 111.525786, "predict_seconds": 0.003001}