{"fit_seconds": 118.867494, "predict_seconds": 0.018008}