{"fit_seconds": 107.080913, "predict_seconds": 0.053095}