{"fit_seconds": 112.911136, "predict_seconds": 0.001997}