{"fit_seconds": 104.219698, "predict_seconds": 0.002986}