{"fit_seconds": 111.218132, "predict_seconds": 0.004002}