{"fit_seconds": 118.446758, "predict_seconds": 0.004001}