{"fit_seconds": 108.127229, "predict_seconds": 0.006003}