{"fit_seconds": 113.094709, "predict_seconds": 0.051012}