{"fit_seconds": 119.829751, "predict_seconds": 0.009004}