{"fit_seconds": 120.464855, "predict_seconds": 0.002002}