{"fit_seconds": 156.52733, "predict_seconds": 0.002001}