{"fit_seconds": 117.479916, "predict_seconds": 0.003001}