{"fit_seconds": 120.571586, "predict_seconds": 0.009013}