{"fit_seconds": 111.809891, "predict_seconds": 0.001001}