{"fit_seconds": 125.08015, "predict_seconds": 0.002004}