{"fit_seconds": 112.979324, "predict_seconds": 0.053029}