{"fit_seconds": 108.983478, "predict_seconds": 0.002002}