{"fit_seconds": 119.23036, "predict_seconds": 0.009006}