{"fit_seconds": 115.748804, "predict_seconds": 0.007004}