{"fit_seconds": 120.172075, "predict_seconds": 0.009531}