{"fit_seconds": 105.694955, "predict_seconds": 0.004002}