{"fit_seconds": 128.280975, "predict_seconds": 0.05401}