{"fit_seconds": 134.922495, "predict_seconds": 0.052016}