{"fit_seconds": 108.981712, "predict_seconds": 0.002001}