{"fit_seconds": 125.791287, "predict_seconds": 0.002002}