{"fit_seconds": 109.123824, "predict_seconds": 0.005003}