{"fit_seconds": 140.26671, "predict_seconds": 0.00928}