{"fit_seconds": 114.357863, "predict_seconds": 0.058014}