{"fit_seconds": 112.024684, "predict_seconds": 0.005002}