{"fit_seconds": 124.151906, "predict_seconds": 0.001002}