{"fit_seconds": 112.805007, "predict_seconds": 0.055012}