{"fit_seconds": 127.121801, "predict_seconds": 0.042017}