{"fit_seconds": 106.297974, "predict_seconds": 0.006007}