{"fit_seconds": 122.117505, "predict_seconds": 0.002001}