{"fit_seconds": 111.330228, "predict_seconds": 0.002002}