{"fit_seconds": 117.042048, "predict_seconds": 0.001001}