{"fit_seconds": 127.498333, "predict_seconds": 0.025006}