{"fit_seconds": 108.499867, "predict_seconds": 0.003001}