{"fit_seconds": 124.958627, "predict_seconds": 0.006001}