{"fit_seconds": 140.279564, "predict_seconds": 0.001001}