{"fit_seconds": 114.548293, "predict_seconds": 0.003001}