{"fit_seconds": 110.300695, "predict_seconds": 0.003002}