{"fit_seconds": 123.425371, "predict_seconds": 0.002999}