{"fit_seconds": 124.227107, "predict_seconds": 0.010002}