{"fit_seconds": 112.419062, "predict_seconds": 0.002001}