{"fit_seconds": 124.449665, "predict_seconds": 0.012003}