{"fit_seconds": 110.582688, "predict_seconds": 0.002001}