{"fit_seconds": 127.464561, "predict_seconds": 0.003001}