{"fit_seconds": 124.148299, "predict_seconds": 0.002987}