{"fit_seconds": 130.836173, "predict_seconds": 0.002001}