{"fit_seconds": 130.649777, "predict_seconds": 0.005015}