{"fit_seconds": 115.736492, "predict_seconds": 0.006002}