{"fit_seconds": 116.269101, "predict_seconds": 0.005002}