{"fit_seconds": 121.551289, "predict_seconds": 0.002004}