{"fit_seconds": 124.184238, "predict_seconds": 0.001002}