{"fit_seconds": 119.110567, "predict_seconds": 0.002998}