{"fit_seconds": 126.751548, "predict_seconds": 0.023005}