{"fit_seconds": 119.451985, "predict_seconds": 0.003009}