{"fit_seconds": 109.247201, "predict_seconds": 0.006001}