{"fit_seconds": 129.162304, "predict_seconds": 0.002001}