{"fit_seconds": 132.703571, "predict_seconds": 0.001001}