{"fit_seconds": 121.242676, "predict_seconds": 0.002001}