{"fit_seconds": 119.569528, "predict_seconds": 0.015004}