{"fit_seconds": 123.069418, "predict_seconds": 0.008003}