{"fit_seconds": 117.550558, "predict_seconds": 0.009005}