{"fit_seconds": 129.922346, "predict_seconds": 0.004988}