{"fit_seconds": 109.370893, "predict_seconds": 0.008998}