{"fit_seconds": 108.781146, "predict_seconds": 0.007003}