{"fit_seconds": 118.779218, "predict_seconds": 0.001002}