{"fit_seconds": 112.68775, "predict_seconds": 0.003001}