{"fit_seconds": 132.161063, "predict_seconds": 0.004989}