{"fit_seconds": 129.183255, "predict_seconds": 0.002001}