{"fit_seconds": 133.094595, "predict_seconds": 0.032008}