{"fit_seconds": 123.326242, "predict_seconds": 0.024005}