{"fit_seconds": 125.43972, "predict_seconds": 0.002003}