{"fit_seconds": 132.101761, "predict_seconds": 0.003001}