{"fit_seconds": 123.038014, "predict_seconds": 0.003002}