{"fit_seconds": 128.502619, "predict_seconds": 0.011003}