{"fit_seconds": 117.251389, "predict_seconds": 0.002002}