{"fit_seconds": 124.172073, "predict_seconds": 0.025006}