{"fit_seconds": 129.887653, "predict_seconds": 0.004001}