{"fit_seconds": 118.667518, "predict_seconds": 0.003002}