{"fit_seconds": 114.326312, "predict_seconds": 0.003001}