{"fit_seconds": 133.768319, "predict_seconds": 0.03701}