{"fit_seconds": 109.980177, "predict_seconds": 0.009003}