{"fit_seconds": 117.491321, "predict_seconds": 0.000999}