{"fit_seconds": 121.987663, "predict_seconds": 0.002001}