{"fit_seconds": 118.276454, "predict_seconds": 0.002009}