{"fit_seconds": 117.704649, "predict_seconds": 0.000996}