{"fit_seconds": 108.712262, "predict_seconds": 0.009002}