{"fit_seconds": 128.146502, "predict_seconds": 0.025001}