{"fit_seconds": 113.833878, "predict_seconds": 0.002004}