{"fit_seconds": 154.649388, "predict_seconds": 0.001001}