{"fit_seconds": 129.377292, "predict_seconds": 0.003002}