{"fit_seconds": 133.755542, "predict_seconds": 0.008004}