{"fit_seconds": 131.768538, "predict_seconds": 0.024005}