{"fit_seconds": 124.902856, "predict_seconds": 0.002002}