{"fit_seconds": 119.050813, "predict_seconds": 0.004006}