{"fit_seconds": 119.552011, "predict_seconds": 0.000995}