{"fit_seconds": 111.432447, "predict_seconds": 0.004985}