{"fit_seconds": 131.558572, "predict_seconds": 0.025051}