{"fit_seconds": 114.425045, "predict_seconds": 0.002998}