{"fit_seconds": 125.837941, "predict_seconds": 0.010989}