{"fit_seconds": 111.727813, "predict_seconds": 0.008003}