{"fit_seconds": 107.942475, "predict_seconds": 0.008002}