{"fit_seconds": 120.007926, "predict_seconds": 0.001998}