{"fit_seconds": 119.468798, "predict_seconds": 0.001996}