{"fit_seconds": 110.382601, "predict_seconds": 0.008003}