{"fit_seconds": 114.697926, "predict_seconds": 0.004002}