{"fit_seconds": 118.842417, "predict_seconds": 0.003001}