{"fit_seconds": 115.655138, "predict_seconds": 0.002001}