{"fit_seconds": 116.948143, "predict_seconds": 0.003002}