{"fit_seconds": 119.392512, "predict_seconds": 0.015004}