{"fit_seconds": 114.313518, "predict_seconds": 0.001001}