{"fit_seconds": 111.852814, "predict_seconds": 0.007002}