{"fit_seconds": 114.983807, "predict_seconds": 0.002001}