{"fit_seconds": 117.774606, "predict_seconds": 0.002995}