{"fit_seconds": 120.78139, "predict_seconds": 0.004011}