{"fit_seconds": 116.182249, "predict_seconds": 0.003001}