{"fit_seconds": 127.875054, "predict_seconds": 0.002002}