{"fit_seconds": 120.315952, "predict_seconds": 0.003003}