{"fit_seconds": 111.370325, "predict_seconds": 0.026009}