{"fit_seconds": 114.771265, "predict_seconds": 0.003003}