{"fit_seconds": 126.247357, "predict_seconds": 0.005003}