{"fit_seconds": 147.79805, "predict_seconds": 0.000982}