{"fit_seconds": 119.426612, "predict_seconds": 0.002001}