{"fit_seconds": 133.448744, "predict_seconds": 0.005001}