{"fit_seconds": 107.074128, "predict_seconds": 0.009004}