{"fit_seconds": 126.421208, "predict_seconds": 0.003002}