{"fit_seconds": 93.563915, "predict_seconds": 0.002002}