{"fit_seconds": 100.146505, "predict_seconds": 0.002007}