{"fit_seconds": 126.089642, "predict_seconds": 0.009004}