{"fit_seconds": 126.821393, "predict_seconds": 0.003002}