{"fit_seconds": 149.360117, "predict_seconds": 0.003001}