{"fit_seconds": 112.539895, "predict_seconds": 0.003008}