{"fit_seconds": 109.284835, "predict_seconds": 0.002002}