{"fit_seconds": 6.002311, "predict_seconds": 0.010003}