{"fit_seconds": 126.288234, "predict_seconds": 0.010002}