{"fit_seconds": 109.254885, "predict_seconds": 0.003001}