{"fit_seconds": 129.938088, "predict_seconds": 0.002001}