{"fit_seconds": 118.794079, "predict_seconds": 0.002001}