{"fit_seconds": 140.276517, "predict_seconds": 0.003004}