{"fit_seconds": 136.459812, "predict_seconds": 0.003002}