{"fit_seconds": 102.462504, "predict_seconds": 0.001001}