{"fit_seconds": 111.410324, "predict_seconds": 0.002001}