{"fit_seconds": 112.837042, "predict_seconds": 0.003134}