{"fit_seconds": 3.382852, "predict_seconds": 0.003002}