{"fit_seconds": 130.644847, "predict_seconds": 0.002001}