{"fit_seconds": 152.46518, "predict_seconds": 0.027006}