{"fit_seconds": 115.165519, "predict_seconds": 0.005003}