{"fit_seconds": 130.320533, "predict_seconds": 0.003986}