{"fit_seconds": 131.940682, "predict_seconds": 0.003001}