{"fit_seconds": 143.736189, "predict_seconds": 0.080019}