{"fit_seconds": 123.20723, "predict_seconds": 0.003006}