{"fit_seconds": 102.549742, "predict_seconds": 0.005004}