{"fit_seconds": 120.860424, "predict_seconds": 0.010011}