{"fit_seconds": 129.093861, "predict_seconds": 0.120027}