{"fit_seconds": 131.897839, "predict_seconds": 0.002005}