{"fit_seconds": 127.554883, "predict_seconds": 0.009002}