{"fit_seconds": 127.846818, "predict_seconds": 0.006001}