{"fit_seconds": 141.439207, "predict_seconds": 0.007006}