{"fit_seconds": 136.513638, "predict_seconds": 0.010003}