{"fit_seconds": 119.723426, "predict_seconds": 0.003007}