{"fit_seconds": 153.071612, "predict_seconds": 0.044018}