{"fit_seconds": 141.208645, "predict_seconds": 0.003001}