{"fit_seconds": 121.930593, "predict_seconds": 0.002001}