{"fit_seconds": 128.80678, "predict_seconds": 0.002001}