{"fit_seconds": 118.28104, "predict_seconds": 0.003001}