{"fit_seconds": 147.504538, "predict_seconds": 0.003001}