{"fit_seconds": 133.495838, "predict_seconds": 0.003007}