{"fit_seconds": 135.192363, "predict_seconds": 0.002002}