{"fit_seconds": 130.952976, "predict_seconds": 0.001005}