{"fit_seconds": 124.100586, "predict_seconds": 0.001001}