{"fit_seconds": 151.592543, "predict_seconds": 0.002001}