{"fit_seconds": 142.778749, "predict_seconds": 0.003001}