{"fit_seconds": 122.758387, "predict_seconds": 0.002001}