{"fit_seconds": 128.997337, "predict_seconds": 0.04201}