{"fit_seconds": 143.587333, "predict_seconds": 0.039008}