{"fit_seconds": 131.767131, "predict_seconds": 0.005001}