{"fit_seconds": 125.462441, "predict_seconds": 0.076954}