{"fit_seconds": 106.545169, "predict_seconds": 0.007002}