{"fit_seconds": 106.470123, "predict_seconds": 0.008003}