{"fit_seconds": 114.239763, "predict_seconds": 0.002002}