{"fit_seconds": 125.704702, "predict_seconds": 0.004001}