{"fit_seconds": 106.78072, "predict_seconds": 0.005004}