{"fit_seconds": 119.400222, "predict_seconds": 0.003002}