{"fit_seconds": 146.964351, "predict_seconds": 0.007007}