{"fit_seconds": 138.74268, "predict_seconds": 0.001997}