{"fit_seconds": 104.375705, "predict_seconds": 0.002003}