{"fit_seconds": 111.64161, "predict_seconds": 0.004001}