{"fit_seconds": 118.244537, "predict_seconds": 0.00299}