{"fit_seconds": 132.800432, "predict_seconds": 0.004002}