{"fit_seconds": 116.093211, "predict_seconds": 0.003993}