{"fit_seconds": 112.78573, "predict_seconds": 0.003002}