{"fit_seconds": 129.967567, "predict_seconds": 0.005001}