{"fit_seconds": 112.860516, "predict_seconds": 0.046011}