{"fit_seconds": 122.729015, "predict_seconds": 0.044009}