{"fit_seconds": 111.156545, "predict_seconds": 0.002002}