{"fit_seconds": 115.604515, "predict_seconds": 0.076017}