{"fit_seconds": 127.606303, "predict_seconds": 0.009002}