{"fit_seconds": 126.115678, "predict_seconds": 0.002001}