{"fit_seconds": 109.360872, "predict_seconds": 0.003002}