{"fit_seconds": 138.845239, "predict_seconds": 0.046023}