{"fit_seconds": 134.672506, "predict_seconds": 0.04301}