{"fit_seconds": 123.687394, "predict_seconds": 0.004001}