{"fit_seconds": 132.463843, "predict_seconds": 0.005001}