{"fit_seconds": 116.918695, "predict_seconds": 0.003002}