{"fit_seconds": 123.328044, "predict_seconds": 0.007003}