{"fit_seconds": 127.170897, "predict_seconds": 0.011003}