{"fit_seconds": 97.66986, "predict_seconds": 0.001001}