{"fit_seconds": 117.813949, "predict_seconds": 0.038008}