{"fit_seconds": 133.030178, "predict_seconds": 0.040009}