{"fit_seconds": 121.382026, "predict_seconds": 0.003001}