{"fit_seconds": 119.590533, "predict_seconds": 0.002001}