{"fit_seconds": 119.465657, "predict_seconds": 0.012009}