{"fit_seconds": 119.807186, "predict_seconds": 0.002001}