{"fit_seconds": 120.515533, "predict_seconds": 0.003004}