{"fit_seconds": 115.978124, "predict_seconds": 0.002002}