{"fit_seconds": 121.186993, "predict_seconds": 0.002001}