{"fit_seconds": 139.476579, "predict_seconds": 0.035009}