{"fit_seconds": 131.324678, "predict_seconds": 0.003002}