{"fit_seconds": 125.508653, "predict_seconds": 0.002001}