{"fit_seconds": 146.918399, "predict_seconds": 0.002002}