{"fit_seconds": 124.289477, "predict_seconds": 0.003001}