{"fit_seconds": 98.332884, "predict_seconds": 0.002002}