{"fit_seconds": 121.170807, "predict_seconds": 0.036008}