{"fit_seconds": 110.90202, "predict_seconds": 0.037003}