{"fit_seconds": 116.680365, "predict_seconds": 0.007002}