{"fit_seconds": 94.195747, "predict_seconds": 0.001001}