{"fit_seconds": 113.853343, "predict_seconds": 0.002001}