{"fit_seconds": 102.829663, "predict_seconds": 0.002001}