{"fit_seconds": 105.157384, "predict_seconds": 0.001999}