{"fit_seconds": 125.736309, "predict_seconds": 0.001002}