{"fit_seconds": 128.012794, "predict_seconds": 0.001994}