{"fit_seconds": 125.94289, "predict_seconds": 0.003001}