{"fit_seconds": 121.05219, "predict_seconds": 0.002002}