{"fit_seconds": 106.886371, "predict_seconds": 0.008004}