{"fit_seconds": 113.971759, "predict_seconds": 0.001001}