{"fit_seconds": 117.581936, "predict_seconds": 0.001002}