{"fit_seconds": 139.189385, "predict_seconds": 0.003002}