{"fit_seconds": 124.83819, "predict_seconds": 0.009001}