{"fit_seconds": 133.382084, "predict_seconds": 0.002001}