{"fit_seconds": 128.852153, "predict_seconds": 0.003003}