{"fit_seconds": 113.794079, "predict_seconds": 0.003009}