{"fit_seconds": 100.647741, "predict_seconds": 0.002001}