{"fit_seconds": 96.557622, "predict_seconds": 0.003002}