{"fit_seconds": 123.53394, "predict_seconds": 0.005001}