{"fit_seconds": 112.576364, "predict_seconds": 0.003001}