{"fit_seconds": 97.139778, "predict_seconds": 0.003001}