{"fit_seconds": 137.402714, "predict_seconds": 0.003002}