{"fit_seconds": 138.630316, "predict_seconds": 0.002001}