{"fit_seconds": 118.430853, "predict_seconds": 0.003002}