{"fit_seconds": 111.629037, "predict_seconds": 0.006005}