{"fit_seconds": 112.795679, "predict_seconds": 0.006003}