{"fit_seconds": 117.316835, "predict_seconds": 0.003006}