{"fit_seconds": 109.997225, "predict_seconds": 0.001002}