{"fit_seconds": 142.399549, "predict_seconds": 0.019004}