{"fit_seconds": 120.070972, "predict_seconds": 0.002001}