{"fit_seconds": 113.334893, "predict_seconds": 0.002001}