{"fit_seconds": 113.339539, "predict_seconds": 0.00801}