{"fit_seconds": 112.547803, "predict_seconds": 0.002002}