{"fit_seconds": 124.47559, "predict_seconds": 0.001001}