{"fit_seconds": 113.315975, "predict_seconds": 0.012003}