{"fit_seconds": 120.919976, "predict_seconds": 0.006001}