{"fit_seconds": 108.406994, "predict_seconds": 0.002001}