{"fit_seconds": 118.859481, "predict_seconds": 0.049012}