{"fit_seconds": 120.278154, "predict_seconds": 0.001002}