{"fit_seconds": 125.982337, "predict_seconds": 0.008009}