{"fit_seconds": 118.701967, "predict_seconds": 0.026007}