{"fit_seconds": 127.598653, "predict_seconds": 0.003003}