{"fit_seconds": 121.183551, "predict_seconds": 0.004003}