{"fit_seconds": 119.551485, "predict_seconds": 0.002002}