{"fit_seconds": 117.946977, "predict_seconds": 0.002001}