{"fit_seconds": 119.197645, "predict_seconds": 0.002008}