{"fit_seconds": 116.085209, "predict_seconds": 0.007003}