{"fit_seconds": 115.130249, "predict_seconds": 0.004001}