{"fit_seconds": 117.627776, "predict_seconds": 0.003001}