{"fit_seconds": 69.944202, "predict_seconds": 0.005004}