{"fit_seconds": 119.708046, "predict_seconds": 0.001002}