{"fit_seconds": 114.003162, "predict_seconds": 0.003002}