{"fit_seconds": 118.451495, "predict_seconds": 0.003002}