{"fit_seconds": 136.720922, "predict_seconds": 0.008003}