{"fit_seconds": 124.272642, "predict_seconds": 0.003002}