{"fit_seconds": 113.011785, "predict_seconds": 0.003995}