{"fit_seconds": 115.419818, "predict_seconds": 0.002001}