{"fit_seconds": 115.331842, "predict_seconds": 0.000964}