{"fit_seconds": 132.107239, "predict_seconds": 0.003004}