{"fit_seconds": 113.057783, "predict_seconds": 0.00201}